id,fonte,titulo,empresa,descricao,requisitos,senioridade,area,remoto,fit_percentual,url,data_coleta,origem_coleta
1,LinkedIn,Fraud Data Analyst - Pleno,Cora,"Das 21 milhões de empresas do Brasil, 93% são pequenos e médios negócios e, apesar de serem responsáveis por ⅓ do PIB do país e 60% dos empregos, as pequenas e médias empresas (PMEs) não são o foco da maioria das instituições financeiras.
Isso muda com a Cora, banco digital criado exclusivamente para apoiar PMES. Com 5 anos de existência, já somamos mais de 1 milhão de clientes e 300 pessoas trabalhando de forma remota em vários lugares do Brasil. ","Fluência em SQL e autonomia no uso de Python ou R para manipulação e análise de grandes bases de dados. 
Experiência com ferramentas de visualização (Looker, Tableau ou similares) para monitoramento de KPIs de risco em tempo real. 
Conhecimento em fundamentos de Machine Learning aplicados à detecção de anomalias e padrões comportamentais. 
Interesse genuíno e capacidade técnica para explorar IA (LLMs e IA Generativa) para otimizar processos analíticos e de detecção. 
Capacidade de extrair e criar variáveis (features) a partir de dados brutos de transações e comportamento para alimentar regras e modelos de risco. 
Capacidade de comunicação analítica para traduzir dados complexos em estratégias claras para liderança e parceiros de negócio. 
Raciocínio lógico aguçado e foco em resolução de problemas complexos. 
Pacote Office Avançado. ",pleno,Ciencia de Dados,sim,75,https://www.linkedin.com/jobs/collections/recommended/?currentJobId=4407603820&discover=recommended&discoveryOrigin=JOBS_HOME_JYMBII,07/07/2026,Manual
2,LinkedIn,Data science,hire fide,"We are hiring for one of our clients, seeking a Data Scientist to work on a contract basis. The role involves developing and deploying machine learning models to solve business problems. You will collaborate with cross-functional teams to deliver data-driven insights and solutions.","• Proficiency in Python, including libraries such as Pandas, NumPy, and Scikit-learn.
• Experience with machine learning frameworks like TensorFlow or PyTorch.
• Strong SQL skills for querying and manipulating large datasets.
• Familiarity with data visualization tools such as Matplotlib or Tableau.
• Ability to work independently and manage multiple priorities in a fast-paced environment.",junior,Ciencia de Dados,sim,60,https://www.linkedin.com/jobs/search/?alertAction=viewjobs&currentJobId=4436980766&distance=25&f_E=3&f_TPR=a1783092779-&geoId=107631021&keywords=Cientista%20de%20dados&location=35570-000%2C%20Formiga%2C%20Minas%20Gerais%2C%20Brasil&origin=JOB_SEARCH_PAGE_JOB_FILTER&sortBy=R,05/07/2026,Manual
3,LinkedIn,Pessoa Cientista de Dados - Vaga afirmativa para pessoas negras,Artefact,"Nós da Artefact LatAm acreditamos e vivemos uma cultura com base na empatia!

Um ambiente de trabalho saudável é um lugar onde todas as vozes são ouvidas, respeitadas e valorizadas.

Temos como nosso compromisso a construção de um ambiente mais diverso e inclusivo, porque a empatia é para todas as pessoas, independentemente de etnia, cor, gênero, orientação sexual, identidade de gênero, deficiência ou crença religiosa.

Queremos conosco mentes e corações incríveis! Venha ser Artefact!","Ter cursado um curso de graduação em ciência de dados, aprendizado de máquina, matemática, ciência da computação, estatística, engenharia, economia ou uma área relacionada.

Desejável um primeiro conhecimento em estatística e programação (Python/R).
Curiosidade: você está sempre buscando soluções inovadoras para seus clientes, você está envolvido em toda a cadeia de valor
Colaboração: o compartilhamento de conhecimento é essencial para você e você participa ativamente da difusão de informações dentro da Artefact
Empreendedorismo: você traz soluções, novas ideias, inovações",junior,Ciencia de Dados,sim,80,https://www.linkedin.com/jobs/collections/recommended/?currentJobId=4436906037&discover=recommended&discoveryOrigin=JOBS_HOME_JYMBII,04/07/2026,Manual
4,LinkedIn,Cientista de Dados - Trabalho Remoto,BairesDev,"Há mais de 15 anos, a BairesDev® é líder em projetos tecnológicos. Entregamos soluções inovadoras para gigantes como Google e Rolls-Royce e as startups mais inovadoras do Vale do Silício.


Temos uma equipe diversa de mais de 4.000 profissionais formada pelo Top 1% dos talentos de tecnologia do mundo, trabalhando remotamente em cargos de impacto global.


Ao se candidatar para este cargo, você está dando o primeiro passo em um processo que vai além do comum. Nosso objetivo é alinhar suas paixões, habilidades, e expectativas às nossas vagas, colocando você no caminho para desenvolver uma carreira de sucesso excepcional.


Cientista de Dados na BairesDev


Como Cientista de Dados na BairesDev, você irá utilizar técnicas de análise de dados e machine learning para resolver problemas complexos de negócios. Você transformará dados brutos em insights significativos, desenvolverá e implementará modelos preditivos, e colaborará com equipes multifuncionais para implementar soluções baseadas em dados que geram valor comercial e impulsionam a tomada de decisões estratégicas.
","- 3+ anos de experiência na aplicação de técnicas de ciência de dados a problemas do mundo real.
- Experiência com linguagens de programação comumente usadas em ciência de dados (Python, R, etc.).
- Conhecimento de algoritmos de machine learning e análise estatística.
- Familiaridade com ferramentas e técnicas de visualização de dados.
- Experiência com SQL e consultas de banco de dados.
- Capacidade de traduzir conceitos técnicos complexos para stakeholders não técnicos.
- Inglês avançado.
",junior,Ciencia de Dados,sim,60,https://www.linkedin.com/jobs/collections/recommended/?currentJobId=4434133377&discover=recommended&discoveryOrigin=JOBS_HOME_JYMBII,05/07/2026,Manual
5,LinkedIn,ciencia de dados pricing,pricing,"A RD Saúde é uma empresa líder no mercado brasileiro de farmácias. Com as nossas marcas Raia e Drogasil, temos mais de 3.000 unidades espalhadas por todo o país e mais de 55 mil funcionários(as) empenhados(as) em cuidar de perto da saúde e bem-estar das pessoas em todos os momentos da vida.


Até 2030, queremos ser o grupo que mais contribui para uma sociedade mais saudável. Para isso, entendemos que o nosso compromisso vai além do cuidado com a saúde individual. É preciso cuidar das pessoas, dos negócios e do planeta.","• Ensino superior completo ou em andamento nas áreas de Exatas ou Tecnologia, como Estatística, Engenharia, Física, Matemática, Ciência da Computação, Sistemas de Informação ou áreas correlatas;

• Conhecimento em lógica de programação;

• Conhecimento em técnicas de aprendizado de máquina (Machine Learning);

• Experiência com análise exploratória e visualização de dados;

• Conhecimento em Python e SQL;

• Familiaridade com bibliotecas de análise, modelagem e visualização de dados, como Pandas, Scikit-learn, Matplotlib, • Seaborn e XGBoost;

• Capacidade analítica e interesse em resolver problemas por meio de dados;

• Não é necessária experiência profissional prévia, sendo consideradas experiências acadêmicas, projetos universitários, iniciação científica, trabalhos de conclusão de curso e projetos pessoais relacionados à área.

",junior,Ciencia de Dados,sim,75,https://rdsaude-corporativo.gupy.io/jobs/11578256,05/07/2026,Manual
6,LinkedIn,Analista De Implantação RM TOTVS – TAA (Aprovações E Atendimentos),RM TOTVS,"Buscamos profissional com experiência em implantação, parametrização e sustentação do módulo TAA (TOTVS Aprovações e Atendimentos).
Responsabilidades:
• Atuar na implantação, parametrização, revitalização, sustentação, integração, apoio e acompanhamento do módulo TAA;
• Parametrizar e sustentar processos de alçadas e etapas de aprovações;
• Apoiar usuários e acompanhar fluxos de atendimento e aprovações;
• Garantir boas práticas na implantação e sustentação do módulo.","• Experiência com projetos de implantação no módulo TAA;
• Ensino superior completo em Sistemas de Informação, Desenvolvimento de Sistemas ou áreas correlatas;
• Vivência com parametrização e sustentação de sistemas;
• Perfil analítico, consultivo e boa comunicação.
• Experiência com RM TOTVS;
• Conhecimento em fluxos de aprovação e atendimento.",junior,Fora de Area,nao,19,https://www.infojobs.com.br/vacancydetail.aspx?iv=11616229,05/07/2026,Manual
7,LinkedIn,Telemarketing Receptivo Área Da Saúde- BH - Manhã E Tarde,Empresa confidencial,"Se você é apaixonado por ajudar, acolher e transformar a experiência das pessoas por meio de um atendimento humanizado, essa oportunidade pode ser o próximo passo da sua carreira.
Estamos em busca de profissionais empáticos, comunicativos e com inteligência emocional para atuar no atendimento receptivo aos beneficiários de plano de saúde. Aqui, você terá um papel essencial ao oferecer suporte, orientação e soluções com respeito, cuidado e excelência em momentos que exigem sensibilidade e atenção.
Se você acredita que ouvir com atenção, compreender as necessidades das pessoas e agir com empatia faz toda a diferença, queremos conhecer você!","Ter 18 anos ou mais;
Ensino Médio completo;
Boa comunicação verbal;
Conhecimentos básicos de informática e digitação;
Inteligência emocional, empatia e facilidade para lidar com diferentes perfis de clientes;
Fácil acesso à unidade Prado – Belo Horizonte/MG.",junior,Fora de Area,nao,14,https://www.infojobs.com.br/vaga-de-telemarketing-receptivo-area-da-saude-bh-manha-tarde-em-minas-gerais__11783071.aspx,05/07/2026,Manual
8,LinkedIn,analista de dados,prosa,"Se você tem perfil autônomo, gosta de transformar dados em decisões estratégicas e tem curiosidade para aplicar novas tecnologias no dia a dia, essa oportunidade pode ser para você.

Buscamos uma pessoa para ser peça-chave no nosso time de Dados, desenvolvendo nossa plataforma e consolidando uma cultura data-driven forte. "," Desenvolver, manter e otimizar dashboards, relatórios e visualizações de dados de alto impacto;
 Utilizar ferramentas de análise, modelagem e técnicas estatísticas para identificar tendências e insights acionáveis;
 Atuar com autonomia junto a equipes multidisciplinares, traduzindo dores de negócio em soluções de dados;
 Garantir a qualidade, consistência e integridade dos dados através de validações e testes rigorosos;
 Utilizar ferramentas de Inteligência Artificial generativa para otimizar fluxos de trabalho;
 Contribuir para a governança e disseminação da cultura de dados na empresa.",junior,Analista de Dados,sim,80,https://lnkd.in/g46YbmBJ,05/07/2026,Manual
9,LinkedIn,suporte de tecnologia,Stefanini, área de suporte de tecnologia.,"Manutenção de hardware e softwares;
Atendimento ao usuário e suporte;
Ensino nível médio ou técnico;
CNH Ativa B;
Disponibilidade para viagens",junior,Fora de Area,nao,15,https://www.infojobs.com.br/empregos.aspx?palabra=ti&poblacion=5204780&iv=11767358,05/07/2026,Manual
10,LinkedIn,Cientista de Dados,bradesco,"A gente acredita no poder da confiança. Confiança que aproxima, orienta e transforma a vida das pessoas no dia a dia. Entrar no Bradesco é fazer parte de um momento real de transformação. Um ambiente que combina a solidez de uma história construída ao longo de décadas com a evolução constante de quem está sempre olhando para frente. Aqui, você encontra espaço para aprender, crescer e assumir protagonismo na sua trajetória, com apoio, estrutura e oportunidades que acompanham o seu desenvolvimento. Mais do que trabalhar em uma grande instituição, é sobre fazer parte de um time que impacta milhões de pessoas, contribui para o desenvolvimento do país e constrói, todos os dias, um futuro mais acessível e sustentável para a sociedade.","·       Formação superior completa em áreas quantitativas (Estatística, Matemática, Engenharia, Ciência de Dados, Economia ou correlatas);  

·       Domínio de modelagem estatística e machine learning; 

·       Atuação com Python e SQL; 

·       Conhecimento em data quality, data wrangling e modelagem de dados; 

·       Vivência em desenvolvimento de modelos analíticos; 

·       Atuação prévia com ambientes cloud (preferencialmente Microsoft Azure e Databricks). ",junior,Ciencia de Dados,nao,80,https://bradesco.csod.com/ux/ats/careersite/1/home/requisition/86911?c=bradesco,05/07/2026,Manual
11,LinkedIn,Engenheiro(a) de Dados,Rox Partner,"Quer trabalhar com projetos de dados de alto impacto usando Google Cloud Platform e fazer parte de uma empresa certificada GPTW? Essa vaga pode ser pra você!
A Rox Partner está em busca de um(a) Engenheiro(a) de Dados Pleno para desenvolver pipelines escaláveis, soluções de ETL/ELT e arquiteturas de dados modernas, atuando diretamente em projetos estratégicos para nossos clientes.
","Experiência como Engenheiro(a) de Dados em ambiente cloud
  Domínio de GCP (BigQuery, Dataflow, Pub/Sub, Cloud Storage, Cloud Functions/Cloud Run)
  Sólidos conhecimentos em SQL, Python, ETL/ELT e modelagem de dados
 Vivência com Data Warehouse, Data Lake e metodologias ágeis",pleno,Engenharia de Dados,sim,70,https://www.linkedin.com/posts/jaquelinerodrigues001_vagas-dataengineer-engenhariadedados-share-7477840009790865408-h0ok/?utm_source=share&utm_medium=member_desktop&rcm=ACoAADEQBxwBRrUJF4Xg1E1AY91i_ZtG7OiB4Rk,07/07/2026,Manual
12,LinkedIn,Analista de Dados e IA Pleno,Getronics,"A Getronics é líder global em soluções de tecnologia, com uma equipe de mais de 4.000 colegas em 22 países, fornecendo serviços abrangentes de ponta a ponta em todo o mundo.
Temos o compromisso de oferecer um atendimento excepcional ao cliente, para permitir que eles se concentrem em seus principais pontos fortes, enquanto confiam suas necessidades de TI à Getronics.
Temos uma oportunidade incrível para você se juntar à nossa equipe, na seguinte vaga: Analista de Dados e IA Pleno.","Power BI ou ferramentas similares de Business Intelligence;
Python para automação de processos e integração com APIs;
Desenvolvimento Web;
Integração e consumo de APIs REST;
Análise de dados, indicadores e geração de relatórios;
Conhecimento em automação de processos.
",pleno,Analista de Dados,sim,60,https://www.linkedin.com/jobs/collections/recommended/?currentJobId=4426422867,10/07/2026,Manual
13,LinkedIn,CIENTISTA DE DADOS PLENO | FOCO EM IA GENERATIVA,LOCALIZA&CO,"Estar em constante evolução nos trouxe até aqui. Ao lado de talentos e habilidades múltiplas nos conectamos em busca da nossa motivação: construir o futuro da mobilidade sustentável. É por meio da valorização da individualidade de cada um que impulsionamos o nosso movimento para conquistar resultados extraordinários, desenvolver nossas operações e criar soluções para os nossos clientes.

Somos apaixonados por nossa história, por nossas ideias e pela capacidade de realizá-las. Sabemos que juntos, todos vamos mais longe.

É assim que conectamos a Localiza&Co com o futuro.
","Experiência sólida em estatística aplicada, experimentação e análise de dados;
Domínio de testes A/B e quase-experimento, experimentos multivariados, métodos de inferência causal;
Conhecimentos avançados em modelos estatísticos, Machine Learning e análise bayesiana;
Proficiência em Python e SQL;
Capacidade de traduzir conceitos estatísticos complexos em insights acionáveis para o negócio;
Experiência com grandes volumes de dados e ferramentas analíticas;
+5 anos de experiência comprovada em ciência de dados, estatística aplicada ou áreas correlatas.
",pleno,Ciencia de Dados,sim,65,https://www.linkedin.com/jobs/collections/recommended/?currentJobId=4435614143&start=24,10/07/2026,Manual
14,LinkedIn,Desenvolvedor Python - RJ,Innolevels,"Estamos em busca de um Desenvolvedor Python Sênior com forte atuação em engenharia e processamento de dados, possuindo sólida experiência em Python avançado, SQL e ambientes analíticos. Esse profissional atuará no desenvolvimento, manutenção e otimização de pipelines e rotinas de dados, contribuindo para a evolução de soluções escaláveis e de alta performance."," Experiência sólida com Python avançado;
 Domínio de SQL para desenvolvimento e otimização de consultas;
 Vivência com manipulação, processamento e integração de dados;
 Conhecimento em modelagem e análise de dados;",junior,Desenvolvimento,nao,19,https://www.linkedin.com/jobs/collections/recommended/?currentJobId=4435626093&start=48,10/07/2026,Manual
15,indeed,Analista de Power BI e Visualização de Dados,Pantheon Inc,"Estamos em busca de um(a) Analista de Power BI e Visualização de Dados para atuar na construção, manutenção e evolução de dashboards estratégicos e relatórios analíticos que suportam a tomada de decisão do negócio.

Esta posição tem como principal objetivo atender às demandas atuais e futuras da área relacionadas à visualização de dados, exigindo um profissional com sólida experiência em Power BI, capaz de atuar com autonomia na modelagem de dados, desenvolvimento de indicadores, criação de dashboards executivos e transformação de dados complexos em informações claras e acionáveis.

Além da forte expertise em Power BI, o profissional atuará em um ambiente moderno de dados utilizando Snowflake e Databricks, colaborando com equipes globais e stakeholders internacionais.","Graduação em Ciência de Dados, Ciência da Computação, Estatística ou áreas correlatas.
Mínimo de 3 anos de experiência em Visualização de Dados e Business Intelligence.
Experiência sólida e comprovada em Power BI, incluindo desenvolvimento de dashboards, modelagem de dados e criação de indicadores.
Experiência prática com Snowflake.
Experiência prática com Tableau.
Experiência prática com Databricks.
Inglês avançado para conversação, com capacidade de interação frequente com equipes e stakeholders globais.
Conhecimento em modelagem de dados.
Conhecimento em processos ETL.
Experiência na construção de relatórios executivos e dashboards voltados para tomada de decisão.",junior,Analytics/BI,sim,50,,10/07/2026,Manual
16,Adzuna,Cientista de Dados Júnior,,"Cientista de Dados Júnior - Contribuindo no desenvolvimento, validação, controle, documentação e implementação de soluções analíticas e projetos de dados, desde a sua concepção até a fase de acompanhamento e melhoria contínua, utilizando ferramentas como sql, python e power platform para apoiar a tomada de decisão e atender às necessidades das áreas de negócio.",,Júnior,Ciencia de Dados,Não identificado,80,https://www.adzuna.com.br/details/5735613824?utm_medium=api&utm_source=17cb7e5a,2026-07-16,API Adzuna
17,Adzuna,Cientista de Dados Júnior,Grupo Aposta Ganha,"SOBRE NÓS Com mais de 10 anos de trajetória, somos uma empresa 100% brasileira que une a inovação de uma equipe jovem e dinâmica com as tradições que nos definem. Nosso foco é proporcionar experiências excepcionais no setor de apostas esportivas e jogos online, valorizando a ética e sempre com o compromisso de entregar qualidade e transparência aos nossos clientes. Estamos em busca de um(a) Cientista de Dados Júnior. Se você está iniciando sua carreira em Cientista de dados , tem vontade de apr…",,Júnior,Ciencia de Dados,Não identificado,80,https://www.adzuna.com.br/details/5742509582?utm_medium=api&utm_source=17cb7e5a,2026-07-16,API Adzuna
18,Adzuna,Cientista de Dados Júnior,Alelo,"Description: Estamos entre as 150 melhores empresas para se trabalhar pelo oitavo ano consecutivo. São 8 milhões de usuários, mais de 500 mil estabelecimentos comerciais afiliados, 100 mil empresas clientes, 350 milhões de refeições por ano e 55 milhões de transações por mês. Oferecemos os melhores benefícios do mercado e fazemos questão de também promover a melhor experiência profissional para quem ajuda a construir nossa história de sucesso: nosso time! Aqui a gente evoluí com as trocas, se i…",,Júnior,Ciencia de Dados,Não identificado,80,https://www.adzuna.com.br/details/5801670317?utm_medium=api&utm_source=17cb7e5a,2026-07-16,API Adzuna
19,Adzuna,Cientista de Dados Júnior,Volvo Group,"O transporte está no centro da sociedade moderna. Já pensou em usar sua experiência para moldar soluções sustentáveis de transporte e infraestrutura para o futuro? Se você busca fazer a diferença em escala global, trabalhando com tecnologias de ponta e as equipes mais colaborativas, então podemos ser a combinação perfeita. O que você fará por aqui?: Na Volvo Financial Services você contribuirá com a transformação de nossa empresa, da indústria de transporte e da sociedade como um todo. Como par…",,Júnior,Ciencia de Dados,Não identificado,80,https://www.adzuna.com.br/details/5797247495?utm_medium=api&utm_source=17cb7e5a,2026-07-16,API Adzuna
20,Adzuna,Cientista de Dados Júnior,EY,"A EY é líder global em serviços de Auditoria, Impostos, Transações Corporativas e Consultoria. Desenvolvemos líderes de excelência e, unidos por valores pautados pela ética e pelo compromisso constante com a qualidade, contribuímos para gerar confiança no mercado de capitais e em economias em todo o mundo. Dessa forma, exercemos um papel crítico na construção de um mundo de negócios melhor para nossos profissionais, nossos clientes e nossas comunidades. Quase 35.000 profissionais especializados…",,Júnior,Ciencia de Dados,Não identificado,80,https://www.adzuna.com.br/details/5803783573?utm_medium=api&utm_source=17cb7e5a,2026-07-16,API Adzuna
21,Adzuna,Cientista de Dados Junior,Unicred,"Description Todas as pessoas candidatas qualificadas serão consideradas para nossa vaga, sem distinção de etnia, religião, orientação sexual, identidade de gênero, idade, nacionalidade ou deficiência. Promovemos constantemente uma cultura voltada para inclusão da diversidade, incentivando nossas pessoas colaboradoras a contribuírem com o seu melhor. Nosso bem mais precioso são as pessoas, por isso a Unicred do Brasil promove a igualdade nas suas oportunidades! Nosso modelo de trabalho na Unicre…",,Júnior,Ciencia de Dados,Não identificado,80,https://www.adzuna.com.br/details/5778291133?utm_medium=api&utm_source=17cb7e5a,2026-07-16,API Adzuna
22,Adzuna,Cientista de Dados Junior,Genial Investimentos,"Buscamos profissionais que tenham vontade de crescer, colocar a mão na massa e fazer acontecer. Vivemos um momento único, recheado de desafios e oportunidades para agregar ainda mais valor aos nossos clientes. Se você tem esse perfil e essa ambição, inscreva-se nesta vaga e junte-se a nós para construir o futuro do mercado financeiro. VemSerGenial Responsabilidades e atribuições - Compor um time de ciência de dados com foco em: analisar dados, propor modelos, implementar soluções, avaliar os re…",,Júnior,Ciencia de Dados,Não identificado,80,https://www.adzuna.com.br/details/5800277992?utm_medium=api&utm_source=17cb7e5a,2026-07-16,API Adzuna
23,Adzuna,Cientista de Dados Júnior,Datarisk,"Principais atividades: - Atuar na construção de modelos preditivos utilizando técnicas de machine learning; - Desenvolver soluções para encantar os clientes e alavancar os resultados da empresa; Buscamos alguém com: - Apaixonado por dados; - Conhecimento em modelos preditivos e técnicas de Machine Learning; - Experiência com linguagens Python e R, além de conhecimento em bibliotecas para ciência e análise de dados; - Conhecimento em análise de dados utilizando ferramentas open source; - Conheci…",,Júnior,Ciencia de Dados,Não identificado,80,https://www.adzuna.com.br/details/5801721590?utm_medium=api&utm_source=17cb7e5a,2026-07-16,API Adzuna
24,Adzuna,Cientista de Dados Júnior,GOL Linhas Aéreas,"Estamos em busca de profissionais com experiência em dados para integrar nosso Time de Águias. Se você busca desafios e um ambiente inclusivo, diverso e estimulante, essa é a oportunidade certa para decolar na sua carreira! Responsabilidades e atribuições Os desafios que aguardam por você no próximo destino são: - Realizar a sustentação e modelagem de projetos de Pesquisa Operacional; - Desenvolver e implementar modelos estatísticos e algoritmos de aprendizado de máquina para resolver problemas…",,Júnior,Ciencia de Dados,Não identificado,80,https://www.adzuna.com.br/details/5803797590?utm_medium=api&utm_source=17cb7e5a,2026-07-16,API Adzuna
25,Adzuna,Analista Cientista de Dados Júnior - Afirmativa Pessoas com Deficiência,Serasa,"Analista Cientista de Dados Júnior - Afirmativa pessoas com deficiência Full-time Employee Status: Regular Role Type: Home Department: Product Management Schedule: Full Time Company Description: A Serasa Experian é a primeira e a maior Datatech do Brasil. Líder em soluções de inteligência para análise de riscos e oportunidades, com foco nas jornadas de crédito, autenticação e prevenção à fraude. Com tecnologia de ponta, inovação e os melhores talentos, transforma a incerteza do risco na melhor …",,Júnior,Ciencia de Dados,Não identificado,80,https://www.adzuna.com.br/details/5800271161?utm_medium=api&utm_source=17cb7e5a,2026-07-16,API Adzuna
26,Adzuna,Analista Cientista de Dados Júnior - Afirmativa Pessoas com Deficiência,Serasa Experian,"Company Description A Serasa Experian é a primeira e a maior Datatech do Brasil. Líder em soluções de inteligência para análise de riscos e oportunidades, com foco nas jornadas de crédito, autenticação e prevenção à fraude. Com tecnologia de ponta, inovação e os melhores talentos, transforma a incerteza do risco na melhor decisão, ajudando pessoas a realizarem seus sonhos e empresas de todos os portes e segmentos a prosperarem. Temos 22.000 pessoas operando em 32 países e a cada dia estamos inv…",,Júnior,Ciencia de Dados,Não identificado,80,https://www.adzuna.com.br/details/5800270966?utm_medium=api&utm_source=17cb7e5a,2026-07-16,API Adzuna
27,Adzuna,Cientista de Dados,Digisystem,"PERFIL - Buscamos um(a) profissional altamente qualificado(a) para liderar projetos inovadores envolvendo Modelos de Linguagem de Grande Escala (LLMs). O(a) Cientista de Dados Sênior será responsável pelo desenvolvimento, otimização e aplicação de soluções baseadas em IA para atender a desafios de negócios complexos, combinando expertise técnica com habilidades estratégicas e liderança. Responsabilidades: Desenvolvimento e otimização de LLMs, incluindo arquitetura de modelos, RAG, fine-tuning e…",,Sênior,Ciencia de Dados,Não identificado,45,https://www.adzuna.com.br/details/5803727027?utm_medium=api&utm_source=17cb7e5a,2026-07-16,API Adzuna
28,Adzuna,Cientista de Dados Pleno,Pier Seguradora,"Sobre a posição: O que esperamos de você? Criar e aperfeiçoar modelos de pricing para produtos de seguros, garantindo precisão e competitividade. Responsabilidades: Desenvolver e implementar modelos estatísticos e algoritmos de machine learning para resolver problemas complexos de negócios; Criar e aperfeiçoar modelos de pricing para produtos de seguros, garantindo precisão e competitividade; Trabalhar, em parceria com o time de Data Analytics, análises exploratórias de dados para identificar t…",,Pleno,Ciencia de Dados,Não identificado,65,https://www.adzuna.com.br/details/5775416926?utm_medium=api&utm_source=17cb7e5a,2026-07-16,API Adzuna
29,Adzuna,Cientista de Dados Sênior | Remoto,,"RESPONSABILIDADES: Liderar soluções analíticas complexas e de alto impacto Definir métodos, métricas e estratégias de modelagem Conduzir e supervisionar pesquisas em novas técnicas de treinamento e uso de SLMs Trabalhar em parceria com engenheiros e desenvolvedores para colocar modelos em produção e estruturar APIs Atuar na definição de estratégias de dados e IA alinhadas aos objetivos de produto Comunicar resultados, limitações e recomendações para stakeholders não técnicos Contribuir para a f…",,Sênior,Ciencia de Dados,Sim,45,https://www.adzuna.com.br/details/5670225386?utm_medium=api&utm_source=17cb7e5a,2026-07-16,API Adzuna
30,Adzuna,Staff Data Scientist,Hiring,"Empresa de tecnologia em crescimento, com foco em soluções inovadoras voltadas para automação, inteligência artificial e transformação digital. Destaca-se pelo ambiente dinâmico, forte autonomia técnica e oportunidade de atuação próxima ao negócio, permitindo impacto direto na construção e evolução dos produtos. Descrição do cargo A Pessoa Staff Cientista de Dados atuará como referência técnica e estratégica em Ciência de Dados, apoiando múltiplos times e projetos. Esse profissional terá impact…",,Não identificado,Ciencia de Dados,Não identificado,80,https://www.adzuna.com.br/details/5563499471?utm_medium=api&utm_source=17cb7e5a,2026-07-16,API Adzuna
31,Adzuna,Analista Dados Júnior - Proadi - Projeto Aprimora SUS,BP,"Description Excelente porque somos plurais! Cada pessoa que compõe a BP tem uma história de vida, uma trajetória, uma visão de mundo. E ao somarmos essas visões, vemos os desafios que temos de outros ângulos trazendo novas respostas para as velhas perguntas, e ajudando a fazer novas perguntas. É dessa forma que a inovação está sempre presente, de uma forma prática, funcional e que melhora a vida das pessoas. E assim vamos engrandecendo o nosso jeito de ser BP. Responsibilities Este profissional…",,Júnior,Analista de Dados,Não identificado,55,https://www.adzuna.com.br/details/5794795098?utm_medium=api&utm_source=17cb7e5a,2026-07-16,API Adzuna
32,Adzuna,Analista de Dados Júnior,Employer RH,"Estamos em busca de um Analista de Dados Júnior para se juntar ao nosso time dinâmico e inovador. Como Analista de Dados Júnior, você será responsável por coletar, analisar e interpretar dados para fornecer insights valiosos que impulsionem as decisões estratégicas da empresa. Este cargo é ideal para alguém que tem uma paixão por dados e uma curiosidade insaciável para entender como eles podem ser utilizados para melhorar os processos e resultados da empresa. Principais responsabilidades: • Pro…",,Júnior,Analista de Dados,Não identificado,55,https://www.adzuna.com.br/details/5576503828?utm_medium=api&utm_source=17cb7e5a,2026-07-16,API Adzuna
33,Adzuna,Analista De Dados Júnior,Doutor-IE,"ANALISTA DE DADOS JÚNIOR Quer se candidatar a esta vaga? Descrição da Vaga Já pensou em começar (ou acelerar) sua carreira em um lugar que estimula a inovação todos os dias? A Doutor-IE é uma empresa referência em tecnologia automotiva no Brasil e, com muito orgulho, somos reconhecidos como uma das Melhores Empresas para Trabalhar em Santa Catarina, com premiação no ranking GPTW. Aqui, ser um Doctor é fazer parte de um time movido por propósito, inovação e entrega de valor real. Acreditamos em …",,Júnior,Analista de Dados,Não identificado,55,https://www.adzuna.com.br/details/5697638532?utm_medium=api&utm_source=17cb7e5a,2026-07-16,API Adzuna
34,Adzuna,Analista De Dados Junior,Ribeiro Veiculos,"ANALISTA DE DADOS JUNIOR Quer se candidatar a esta vaga? Descrição da Vaga Responsável pelas criações e análises de Power BI das empresas do Grupo Rivesa, com foco na qualidade dos dados e geração de informações estratégicas em todos os níveis da empresa. Além disso, realizar criação de fluxos através de sistemas de workflow, com foco na otimização dos processos, podendo ser através de demanda ou criações proativas. Requisitos Indispensáveis Ensino superior em andamento ou concluído em Administ…",,Júnior,Analista de Dados,Não identificado,55,https://www.adzuna.com.br/details/5703985496?utm_medium=api&utm_source=17cb7e5a,2026-07-16,API Adzuna
35,Adzuna,Analista de Dados Júnior,Grupo Aposta Ganha,"SOBRE NÓS Com mais de 10 anos de trajetória, somos uma empresa 100% brasileira que une a inovação de uma equipe jovem e dinâmica com as tradições que nos definem. Nosso foco é proporcionar experiências excepcionais no setor de apostas esportivas e jogos online, valorizando a ética e sempre com o compromisso de entregar qualidade e transparência aos nossos clientes. Estamos em busca de um(a) Analista de Dados Júnior. Se você está iniciando sua carreira na área de dados, tem vontade de aprender, …",,Júnior,Analista de Dados,Não identificado,55,https://www.adzuna.com.br/details/5742720512?utm_medium=api&utm_source=17cb7e5a,2026-07-16,API Adzuna
36,Adzuna,Analista de Dados Junior,FRIOPEÇAS,"Responsabilidades: Extrair e transformar dados de diversas fontes utilizando ferramentas e linguagens específicas (SQL, Python, R); Analisar dados para identificar tendências, padrões e oportunidades de negócio; Desenvolver e manter dashboards e relatórios utilizando ferramentas de BI (Power BI, Tableau, QlikView, etc.); Colaborar com equipes de negócios e TI para entender requisitos e entregar soluções analíticas adequadas; Garantir a qualidade e integridade dos dados utilizados nas análises; …",,Júnior,Analista de Dados,Não identificado,55,https://www.adzuna.com.br/details/5673369043?utm_medium=api&utm_source=17cb7e5a,2026-07-16,API Adzuna
37,Adzuna,Analista de Dados - Júnior,Vanguard Tecnologia E Sistemas,"Somos uma empresa de Tecnologia Financeira, com 5 anos de atuação no mercado e em crescimento. Estamos em busca de talentos para fazerem parte do nosso time. Atividades: Tratar arquivos (CSV, Excel, TXT etc.) para padronização dos dados. Realizar importação e carga de dados no SQL Server. Executar queries para validação e conferência das cargas. Garantir a integridade e consistência das informações carregadas. Apoiar times internos na disponibilização de relatórios e consultas simples. Requisit…",,Júnior,Analista de Dados,Não identificado,55,https://www.adzuna.com.br/details/5397686677?utm_medium=api&utm_source=17cb7e5a,2026-07-16,API Adzuna
38,Adzuna,Analista De Dados Júnior,Express,"Principais Atividades Realizar análises de dados e monitoramento dos indicadores de qualidade das operações logísticas; Acompanhar e analisar indicadores das etapas de:  First Mile (Coleta)  Middle Mile (Transferência)  Last Mile (Entrega) Elaborar relatórios gerenciais e controles de acompanhamento da performance operacional; Identificar desvios, inconsistências e oportunidades de melhoria nos processos; Apoiar a tomada de decisão por meio da análise de dados e indicadores; Monitorar o cumprim…",,Júnior,Analista de Dados,Não identificado,55,https://www.adzuna.com.br/details/5780561226?utm_medium=api&utm_source=17cb7e5a,2026-07-16,API Adzuna
39,Adzuna,Analista de Dados Júnior,CONNECT INFORMACOES E TECNOLOGIA SA,"A Connect é o principal Distribuidor Autorizado da Serasa Experian, com presença em todo o território nacional e atuando em mais de 3.500 municípios. Ao longo de nossa trajetória, evoluímos continuamente para oferecer às empresas as melhores ferramentas de proteção e tomada de decisões seguras. Estamos em busca de um(a) Analista de Dados para integrar nosso time e contribuir com o crescimento contínuo da Connect. O profissional será responsável por apoiar na análise e visualização de dados para…",,Júnior,Analista de Dados,Não identificado,55,https://www.adzuna.com.br/details/5789303400?utm_medium=api&utm_source=17cb7e5a,2026-07-16,API Adzuna
40,Adzuna,ANALISTA DE DADOS JÚNIOR,Express,"Principais Atividades Realizar análises de dados e monitoramento dos indicadores de qualidade das operações logísticas; Acompanhar e analisar indicadores das etapas de: ?? First Mile (Coleta) ?? Middle Mile (Transferência) ?? Last Mile (Entrega) Elaborar relatórios gerenciais e controles de acompanhamento da performance operacional; Identificar desvios, inconsistências e oportunidades de melhoria nos processos; Apoiar a tomada de decisão por meio da análise de dados e indicadores; Monitorar o c…",,Júnior,Analista de Dados,Não identificado,55,https://www.adzuna.com.br/details/5779306943?utm_medium=api&utm_source=17cb7e5a,2026-07-16,API Adzuna
41,Adzuna,Analista de Dados Júnior,Venha construir o futuro com a gente!,"Falar da MRV&CO (MRV, Urba, Luggo, Sensia e Resia) é dizer muito mais do que os títulos que recebemos durante nossa história de 45 anos. Ser uma das maiores construtoras da América Latina nos orgulha muito. Mas não só isso! Queremos mais e ir além! Somos uma Companhia inovadora e incansável na busca de soluções de moradia. Nos desafiamos e acreditamos na nossa força. E é importante que se evidencie: a força da MRV&CO está em nossa gente. Uma Gente com G maiúsculo, engajada, protagonista, transf…",,Júnior,Analista de Dados,Não identificado,55,https://www.adzuna.com.br/details/5797211225?utm_medium=api&utm_source=17cb7e5a,2026-07-16,API Adzuna
42,Adzuna,Analista de Dados Júnior,Minsait an Indra Company,"Description Transforme o futuro com a Minsait Na Minsait , acreditamos na tecnologia como força para transformar realidades e gerar impacto positivo. Desenvolvemos soluções que conectam inovação, eficiência e progresso em setores essenciais como administração pública, telecomunicações & mídia, energia & utilities, indústria & consumo, saúde e finanças . Aqui, você encontra um ambiente que valoriza a autonomia, a colaboração e o crescimento contínuo , com projetos desafiadores e oportunidades re…",,Júnior,Analista de Dados,Não identificado,55,https://www.adzuna.com.br/details/5798274651?utm_medium=api&utm_source=17cb7e5a,2026-07-16,API Adzuna
43,Adzuna,Analista de Dados Júnior,Credits Brasil Gestão e Inteligência de Dados,"Vamos falar sobre a Credits Brasil? Eleita como Great Place to Work - GPTW, a Credits Brasil é especialista no segmento de crédito, cobrança e risco, sendo a primeira e única Salestech deste setor, entregando soluções integradas que apoiam o processo do início ao fim, proporcionando um melhor desempenho para os seus clientes. A Credits Brasil, foi fundada com o propósito de transformar a forma como as empresas realizam suas operações de crédito e baseada em dados e tecnologia, permitir que todo…",,Júnior,Analista de Dados,Não identificado,55,https://www.adzuna.com.br/details/5801666267?utm_medium=api&utm_source=17cb7e5a,2026-07-16,API Adzuna
44,Adzuna,Analista de Dados Júnior,Faça parte do time Mercantil,"VEMSERMERCANTIL Ei, você! Ser desafiado diariamente é algo que te motiva? Se a resposta for sim, vem ser Mercantil! O que não faltam aqui são oportunidades de vivenciar novos desafios e de ser protagonista de sua carreira, tudo isso em uma das Melhores Empresas para se trabalhar em Minas Gerais. E essa combinação fica ainda mais perfeita se você tiver brilho nos olhos, uma comunicação sensacional, proatividade e, claro, foco em resultados. Curtiu? Então, veja abaixo a oportunidade que temos aqu…",,Júnior,Analista de Dados,Não identificado,55,https://www.adzuna.com.br/details/5801720511?utm_medium=api&utm_source=17cb7e5a,2026-07-16,API Adzuna
45,Adzuna,Analista de Dados Júnior,Grupo Zelo,"NÓS QUEREMOS VOCÊ NO NOSSO TIME ! Temos orgulho em dizer que compomos um time de mais de 4000 colaboradores atuando em sinergia em mais de 150 cidades, e que somos os protagonistas da construção do Grupo e sua evolução. Para cumprir nossa missão, precisamos de pessoas que tenham prazer em servir, que inspiram e transformam. Por aqui, temos como missão inspirar zelo em todos os momentos, isso significa respeitar e promover a diversidade e a inclusão em todas as vagas. VEM SER GRUPO ZELO ! Lembra…",,Júnior,Analista de Dados,Não identificado,55,https://www.adzuna.com.br/details/5801694160?utm_medium=api&utm_source=17cb7e5a,2026-07-16,API Adzuna
46,Adzuna,Analista BI Junior,MIRANTE TECNOLOGIA,"Cargo:Analista BI Junior Tipo de contratação:Somente PJ Modalidade:Home office - Híbrido Local de Trabalho:Recife - PE Formação:Superior Completo Requisitos Obrigatórios: - Linguagem Sql; - Ferramentas De BussinessAnalytics (Power Bi, Tableau, Sas, Microstrategy,Tibco Spotfire); - Entendimento De BoasPraticas De Visualização E Storytelling De Dados; - Extração De Dados - Etl; - Boa Comunicação, OrganizaçãoE Trabalho Em Equipe.",,Júnior,Analytics/BI,Híbrido,45,https://www.adzuna.com.br/details/5803748442?utm_medium=api&utm_source=17cb7e5a,2026-07-16,API Adzuna
47,Adzuna,Analista De Bi Júnior,Suno Comunicação Integrada,"ANALISTA DE BI JÚNIOR Quer se candidatar a esta vaga? Descrição da Vaga Buscamos um(a) Analista de BI Júnior para integrar o time dedicado a um dos clientes mais estratégicos da agência. A pessoa será responsável pela sustentação de dados, controle de taxonomia e atualização de toda a esteira de relatórios operacionais do produto. Atuará em dupla direta com um Analista Sênior, contando com forte apoio para o seu desenvolvimento técnico e analítico dentro do negócio. O que essa pessoa vai cuidar…",,Júnior,Analytics/BI,Não identificado,45,https://www.adzuna.com.br/details/5803870344?utm_medium=api&utm_source=17cb7e5a,2026-07-16,API Adzuna
48,Adzuna,Analista de BI Júnior,Liberta Investimentos,"Junte-se à Liberta Investimentos  Sobre a oportunidade: Como Analista de BI Júnior, você será responsável por apoiar a área de Business Intelligence no desenvolvimento de análises, relatórios e painéis interativos, contribuindo para a geração de insights estratégicos, com foco na melhoria contínua de processos e apoio à tomada de decisão. Atuará diretamente no acompanhamento e evolução dos indicadores utilizados pela equipe de Assessoria de Investimentos da Liberta, colaborando na organização e…",,Júnior,Analytics/BI,Não identificado,45,https://www.adzuna.com.br/details/5801634116?utm_medium=api&utm_source=17cb7e5a,2026-07-16,API Adzuna
49,Adzuna,Analista de BI Júnior,Inspin," VAGA: ANALISTA DE BI JÚNIOR Quer transformar a educação por meio do BI? Muitas escolas privadas têm um projeto pedagógico incrível e um enorme potencial de impacto — mas enfrentam desafios de crescimento e gestão. A Inspin nasceu para mudar essa realidade, apoiando essas instituições com dados, tecnologia e estratégia. Se você acredita no poder dos dados para transformar a educação, essa vaga é pra você! Sua missão: Transformar dados em insights estratégicos. Você vai aprimorar ferramentas, au…",,Júnior,Analytics/BI,Não identificado,45,https://www.adzuna.com.br/details/5754852610?utm_medium=api&utm_source=17cb7e5a,2026-07-16,API Adzuna
50,Adzuna,Analista de BI Júnior,Traktor Tração Digital,"Sobre a vaga Buscamos um Analista de BI Junior para integrar nossa equipe de dados e impulsionar o crescimento de nossos clientes B2B. Se você tem paixão por análises, integrações, automações e AI, é proativo e quer aprender em um ambiente dinâmico, essa é a oportunidade certa. Responsabilidades Desenvolver e manter dashboards e relatórios em ferramentas como Looker Studio, Power BI ou similares; Realizar tratamento, organização e consolidação de bases de dados provenientes de diferentes fontes…",,Júnior,Analytics/BI,Não identificado,45,https://www.adzuna.com.br/details/5800417009?utm_medium=api&utm_source=17cb7e5a,2026-07-16,API Adzuna
51,Adzuna,Analista de BI Júnior,Lumini,"Faça parte de um Time Legendário  Aqui, sonhamos grande. Trabalhamos com metas ousadas, desafios constantes e espaço real para evolução. Valorizamos atitude, colaboração e pessoas que querem gerar impacto. Somos movidos pela mentalidade de Time Legendário . Para nós, ser legendário é superar limites, enfrentar desafios e evoluir todos os dias. Se você quer crescer junto com uma empresa em expansão, essa oportunidade pode ser para você. Sobre a vaga O time de Business Intelligence atua como pont…",,Júnior,Analytics/BI,Não identificado,45,https://www.adzuna.com.br/details/5788492069?utm_medium=api&utm_source=17cb7e5a,2026-07-16,API Adzuna
52,Adzuna,Analista de BI Júnior,LUMINI,"Faça parte de um Time Legendário ?? Aqui, sonhamos grande. Trabalhamos com metas ousadas, desafios constantes e espaço real para evolução. Valorizamos atitude, colaboração e pessoas que querem gerar impacto. Somos movidos pela mentalidade de Time Legendário. Para nós, ser legendário é superar limites, enfrentar desafios e evoluir todos os dias. Se você quer crescer junto com uma empresa em expansão, essa oportunidade pode ser para você. Sobre a vaga O time de Business Intelligence atua como pon…",,Júnior,Analytics/BI,Não identificado,45,https://www.adzuna.com.br/details/5756550262?utm_medium=api&utm_source=17cb7e5a,2026-07-16,API Adzuna
53,Adzuna,Analista de BI Junior,Grupo Massa,"Venha ajudar a construir um mundo cada vez mais Massa Somos um time apaixonado pelo que faz e encaramos nossos desafios de frente, com criatividade, autonomia, agilidade e autoresponsabilidade. Estamos em busca de um profissional que atue como Analista de BI Junior, que deseje que seu dia a dia de trabalho tenha significado e propósito. 1 - Não temos medo de errar; 2 - Somos mais do que colegas, somos um time apaixonado pelo nosso negócio; 3 - Independente de hierarquia, valorizamos o conhecime…",,Júnior,Analytics/BI,Não identificado,45,https://www.adzuna.com.br/details/5800277182?utm_medium=api&utm_source=17cb7e5a,2026-07-16,API Adzuna
54,Adzuna,Analista de BI Junior,Koin,"Na Koin, estamos construindo a nova geração de soluções para o comércio digital na América Latina. Somos pioneiros em Buy Now, Pay Later no Brasil e seguimos evoluindo para desenvolver tecnologia antifraude e de pagamentos que acompanhe a expansão dos e-commerces na região. Nosso compromisso é desbloquear as fricções do ambiente digital — tanto para quem vende quanto para quem compra — combinando inteligência de dados, machine learning e uma arquitetura capaz de oferecer segurança, agilidade e …",,Júnior,Analytics/BI,Não identificado,45,https://www.adzuna.com.br/details/5797395221?utm_medium=api&utm_source=17cb7e5a,2026-07-16,API Adzuna
55,Adzuna,Analista de BI Júnior,Dadoteca,"Objetivo do Cargo: Atuar no suporte às áreas de negócio por meio da consolidação, análise e disponibilização de informações estratégicas, contribuindo para a tomada de decisão baseada em dados. Será responsável pela elaboração de relatórios, dashboards, controle de indicadores, padronização de informações e apoio aos processos operacionais e administrativos, garantindo qualidade, organização e confiabilidade dos dados. Principais Atividades: - Desenvolver, atualizar e manter dashboards, relatór…",,Júnior,Analytics/BI,Não identificado,45,https://www.adzuna.com.br/details/5797180803?utm_medium=api&utm_source=17cb7e5a,2026-07-16,API Adzuna
56,Adzuna,Analista de BI Júnior,GRJ SOLUCOES LTDA.,"Somos especialistas em performance industrial, qualidade e gestão de processos. Nossos softwares transformam dados em decisões inteligentes, ajudando empresas a reduzirem não conformidades, conquistarem certificações e escalarem resultados com tecnologia e simplicidade. Na área de Dados, ajudamos clientes a construir dashboards que realmente resolvem problemas, de forma simples, rápida e com propósito. Responsabilidades: - Criar e manter dashboards interativos em Power BI, Tableau ou QlikView; …",,Júnior,Analytics/BI,Não identificado,45,https://www.adzuna.com.br/details/5801619757?utm_medium=api&utm_source=17cb7e5a,2026-07-16,API Adzuna
57,Adzuna,Analista De Bi Junior,Funcional Health Tech,"Description A Funcional Health Tech é movida pela certeza de que a Saúde é o pilar principal da vida das pessoas, por isso quebramos barreiras para promovê-la de forma sustentável. Para realizar nosso propósito, inovamos todos os dias unindo pessoas, tecnologia e dados para prover o ecossistema da saúde com soluções que geram eficiência e sustentabilidade em toda a cadeia. Aqui, você irá participar, de maneira direta ou indireta, da criação de novas soluções para os mais diversos serviços de sa…",,Júnior,Analytics/BI,Não identificado,45,https://www.adzuna.com.br/details/5801795511?utm_medium=api&utm_source=17cb7e5a,2026-07-16,API Adzuna
58,Adzuna,Analista de BI (Júnior),Grupo Emefarma,"Desde 1988, atuamos com inovação na exploração dos limites do nosso negócio. Oferecemos aos nossos clientes e parceiros soluções em distribuição farmacêutica, com eficiência e sustentabilidade e nos encontramos em plena expansão. Fazemos parte das 10 maiores distribuidoras do Brasil. Além disso, somos consideradas uma das melhores empresas para se trabalhar na Lista de Saúde pela Great Place To Work Aqui trabalhamos com o compromisso em construir um ambiente cada vez mais equilibrado, diverso e…",,Júnior,Analytics/BI,Não identificado,45,https://www.adzuna.com.br/details/5803810809?utm_medium=api&utm_source=17cb7e5a,2026-07-16,API Adzuna
59,Adzuna,Pessoa Analista de BI Júnior,Gear SEO,"A Gear SEO é uma Agência focada 100% em SEO, trabalhando com grandes players do mercado Brasileiro como Petz, Ri Happy, Nike e muito mais. Agência dividida em 5 departamentos: Estratégia, Conteúdo, On-Page, Link Building e Inteligência. Acreditamos em profissionais dedicados e especializados em cada área de SEO, para entregar o melhor resultado, e nesse momento estamos buscando profissionais para atuar no departamento de Inteligência, como Analista de BI Júnior. Responsabilidades e Atribuições:…",,Júnior,Analytics/BI,Não identificado,45,https://www.adzuna.com.br/details/5803833185?utm_medium=api&utm_source=17cb7e5a,2026-07-16,API Adzuna
60,Adzuna,Engenheiro De Dados Júnior/Pleno,innolevels,"Estamos contratandoEngenheiro de Dados Júnior/Plenocom sólida experiência em engenharia de dados para atuar no desenvolvimento, manutenção e otimização de pipelines de dados, garantindo a qualidade, disponibilidade e performance das informações que suportam a tomada de decisão do negócio. Requisitos obrigatórios: Conhecimento em SQL, Python, Spark e ferramentas de dados; Experiência com bancos de dados relacionais e não relacionais (PostgreSQL, MySQL, MongoDB, Cassandra); Familiaridade com ferr…",,Júnior,Engenharia de Dados,Não identificado,60,https://www.adzuna.com.br/details/5799818066?utm_medium=api&utm_source=17cb7e5a,2026-07-16,API Adzuna
61,Adzuna,Engenheiro de Dados Júnior/Pleno - SP,Innolevels,"Estamos contratando Engenheiro de Dados Júnior/Pleno com sólida experiência em engenharia de dados para atuar no desenvolvimento, manutenção e otimização de pipelines de dados, garantindo a qualidade, disponibilidade e performance das informações que suportam a tomada de decisão do negócio. Requisitos obrigatórios: Conhecimento em SQL, Python, Spark e ferramentas de dados; Experiência com bancos de dados relacionais e não relacionais (PostgreSQL, MySQL, MongoDB, Cassandra); Familiaridade com fe…",,Júnior,Engenharia de Dados,Não identificado,60,https://www.adzuna.com.br/details/5799579444?utm_medium=api&utm_source=17cb7e5a,2026-07-16,API Adzuna
62,Adzuna,Pessoa Engenheira de Dados Júnior - Projeto México,Zetadados," Pessoa Engenheira de Dados Júnior - Projeto México Estamos com uma vaga disponível na Zeta Dados para Pessoa Engenheira de Dados Júnior. Buscamos uma pessoa focada em Engenharia de Dados para atuar na entrega, estruturação e sustentação de nossas soluções em projetos internacionais focados no mercado do México , trabalhando diretamente com o cliente e com o time Zeta no setup de novos fluxos de dados. Por ser um projeto internacional, a pessoa será o ponto de contato técnico com o cliente, exi…",,Júnior,Engenharia de Dados,Não identificado,60,https://www.adzuna.com.br/details/5758945370?utm_medium=api&utm_source=17cb7e5a,2026-07-16,API Adzuna
63,Adzuna,Engenheiro de Dados Júnior | TRACK&FIELD | São Paulo,Track&Field,"Description Missão da Área  Transformar dados em insights estratégicos que impulsionem a tomada de decisão e a geração de valor para o negócio, por meio da integração de ciência de dados, engenharia de dados e análise de dados. A área atua garantindo a confiabilidade, escalabilidade e governança dos dados, além de desenvolver soluções analíticas que apoiem a inovação, a eficiência operacional e o crescimento sustentável da Track&Field. Sua missão  Projetar, construir e manter pipelines e arquit…",,Júnior,Engenharia de Dados,Não identificado,60,https://www.adzuna.com.br/details/5761824678?utm_medium=api&utm_source=17cb7e5a,2026-07-16,API Adzuna
64,Adzuna,Engenheiro(a) de Dados Júnior - Brasil,Deloitte,"Você na Deloitte: Na Deloitte, buscamos pessoas que queiram gerar impactos positivos todos os dias. Impulsionamos talentos para que possam se desenvolver em um ambiente colaborativo, com times diversos e que tragam energia, empoderamento, interação e conexões. O nosso crescimento é exponencial porque os talentos que recrutamos possuem os nossos valores em suas essências. Liderar o caminho, fomentar a inclusão, colaborar para mensurar impactos, servir com integridade e cuidar uns dos outros são …",,Júnior,Engenharia de Dados,Não identificado,60,https://www.adzuna.com.br/details/5796205844?utm_medium=api&utm_source=17cb7e5a,2026-07-16,API Adzuna
65,Adzuna,Engenheiro de Dados e Plataforma Junior,UX Group,"Na UX Group, grandes jogadas viram grandes conquistas. Somos um grupo brasileiro de tecnologia e entretenimento digital responsável pelas marcas Reals, Bingo e BetGO . Desenvolvemos plataformas que unem tecnologia, segurança e entretenimento, sempre com foco em gerar experiências relevantes para nossos clientes e oportunidades reais de crescimento para nosso time. Um ambiente onde pessoas talentosas encontram espaço para crescer, inovar e gerar impacto real. Aqui, acreditamos na força do time, …",,Júnior,Engenharia de Dados,Não identificado,60,https://www.adzuna.com.br/details/5801897389?utm_medium=api&utm_source=17cb7e5a,2026-07-16,API Adzuna
66,Adzuna,Engenheiro(a) de Dados Júnior – Produção de Dados para projetos em saúde pública,Plataforma de Dados do Cidacs,"Description A equipe de Produção de Dados suporta os processos de engenharia de dados que correspondem às necessidades das pesquisas realizadas no CIDACS, mapeando os requisitos e construindo fluxos adequados, visando garantir a eficiência, desempenho e qualidade no tratamento dos dados. Os membros da equipe são responsáveis pelas atividades de transformação dos dados, realizando a manipulação, tratamento, vinculação de bases de dados, análise de acurácia e construção de datasets para uso na pe…",,Júnior,Engenharia de Dados,Não identificado,60,https://www.adzuna.com.br/details/5794778684?utm_medium=api&utm_source=17cb7e5a,2026-07-16,API Adzuna
67,Adzuna,Data Architect Junior - SP,Decision group,"Nível Acadêmico: Ensino Superior Completo Turno/Horas  Áreas de Atuação Profissional: TI - Projetos Descrição: Idioma: inglês fluente. Habilidades: Home Office Qualquer local do Brasil >3 anosProjetar e aprimorar uma arquitetura de Data Lake sem servidor na AWS para lidar com grandes volumes de dados de forma eficiente e suportar diversos fluxos de trabalho de processamento de dados. Colaborar com equipes multifuncionais para entender os requisitos de negócios, priorizar tarefas e entregar solu…",,Júnior,Engenharia de Dados,Não identificado,60,https://www.adzuna.com.br/details/5801224867?utm_medium=api&utm_source=17cb7e5a,2026-07-16,API Adzuna
68,Adzuna,Engenheiro(a) de Dados,Jump,"Engenheiro de Dados Senioridade: Júnior/Pleno Breve Resumo do Projeto: Perfil estratégico e altamente técnico para construir uma infraestrutura de dados, capaz de entregar valor e garantir que haja segurança e integração nas informações. Construir e manter a infraestrutura robusta e escalável de coleta, processamento e disponibilização de informações para serviços e produtos no projeto. Atuar na interseção de grandes volumes de dados e na necessidade de entregar soluções customizadas, seguras e…",,Júnior,Engenharia de Dados,Não identificado,60,https://www.adzuna.com.br/details/5730632517?utm_medium=api&utm_source=17cb7e5a,2026-07-16,API Adzuna
69,Adzuna,Jr Data Engineer,Whirlpool Corporation,"ID da Requisição: 69192 Sobre a Whirlpool Corporation Whirlpool Corporation (NYSE: WHR) Ser a melhor empresa de eletrodomésticos, melhorando continuamente a vida em casa. Como a única grande fabricante de eletrodomésticos para cozinha e lavanderia dos EUA, a empresa está impulsionando inovações significativas para atender às crescentes necessidades dos consumidores, por meio do portfólio de marcas icônicas, incluindo _Whirlpool_ , _KitchenAid_ , _JennAir, Maytag_ , _Amana,_ _Brastemp_ , _Consul…",,Não identificado,Engenharia de Dados,Não identificado,60,https://www.adzuna.com.br/details/5771405832?utm_medium=api&utm_source=17cb7e5a,2026-07-16,API Adzuna
70,Adzuna,Senior Database Administrator,,"Senior Database Administrator - O candidato ideal terá ampla experiência com SQL Server, PostgreSQL, processos ETL, design de banco de dados e otimização de desempenho. Essa função envolve projetar, implementar e manter sistemas de banco de dados robustos que suportam nossos aplicativos SaaS em um ambiente de nuvem. Principais responsabilidades:Projete, desenvolva e mantenha sistemas de banco de dados escaláveis e eficientes usando SQL Server e PostgreSQL. Implemente e otimize processos de ETL …",,Sênior,Engenharia de Dados,Não identificado,25,https://www.adzuna.com.br/details/5799222791?utm_medium=api&utm_source=17cb7e5a,2026-07-16,API Adzuna
71,Adzuna,Principal Service Engineer - IA Engineer | Remoto | Prezensa,V4 Company,"Estamos em busca de um(a) Engenheiro(a) Sênior de Orquestração de IA altamente experiente e inovador(a) para projetar, construir e operar sistemas de IA complexos e de nível de produção. Esta é uma função estratégica e fundamental para viabilizar soluções de IA escaláveis e em conformidade, com forte foco em IA Agêntica (Agentic AI) , orquestração de fluxos de trabalho e governança. O candidato ideal unirá profunda expertise em IA/ML com sólidas habilidades de backend para coordenar interações …",,Sênior,Engenharia de Dados,Sim,25,https://www.adzuna.com.br/details/5786045759?utm_medium=api&utm_source=17cb7e5a,2026-07-16,API Adzuna
72,Adzuna,Auxiliar administrativo,Becker Transportes,"AUXILIAR ADMINISTRATIVO OPERACIONAL – LOGÍSTICA  Cascavel - PR A Becker Transportes está em busca de um profissional organizado, proativo e com vontade de crescer para atuar no suporte operacional da nossa equipe de logística. Se você gosta de resolver problemas, acompanhar processos e trabalhar em um ambiente dinâmico, essa oportunidade pode ser para você. Principais atividades Acompanhamento de caminhões terceiros em viagem Contato com motoristas e clientes Cadastro de motoristas e veículos e…",,Não identificado,Fora de Area,Não identificado,10,https://www.adzuna.com.br/land/ad/5803524887?se=xtzOzWmB8RGnGfZ-Vm2jGw&utm_medium=api&utm_source=17cb7e5a&v=AACEDEC2DB5800C2AD537F4458E270E4A186F9C3,2026-07-16,API Adzuna
73,Adzuna,Auxiliar administrativo,Versa Engenharia Ambiental,"Auxiliar Administrativo Estamos em busca de um (a) Auxiliar de Administrativo para atuar nas rotinas operacionais da empresa. Atividades: Realizar atendimento telefônico e presencial. Organizar, arquivar e controlar documentos físicos e digitais. Emitir relatórios, planilhas e documentos administrativos. Auxiliar no controle de contas a pagar e receber. Efetuar lançamentos de informações em sistemas informatizados. Apoiar os setores da empresa em atividades administrativas gerais. Controlar age…",,Não identificado,Fora de Area,Não,10,https://www.adzuna.com.br/land/ad/5779252057?se=xtzOzWmB8RGnGfZ-Vm2jGw&utm_medium=api&utm_source=17cb7e5a&v=F56C0AEF9357E7A7FCC3861C6BC0D759F7F1D310,2026-07-16,API Adzuna
74,Adzuna,Auxiliar Administrativo Financeiro,Hays," Oportunidade | Analista Administrativo Jr. (Contas a Pagar) | Av. Paulista – SP Estamos em busca de um(a) Analista Administrativo Jr. para apoiar atividades da área financeira em um projeto temporário. Principais responsabilidades: Validar notas fiscais recebidas, garantindo conformidade com os processos internos; Encaminhar documentos para processamento de pagamento; Acompanhar a integração das notas fiscais junto ao banco e tratar possíveis divergências; Atualizar controles financeiros e pla…",,Júnior,Fora de Area,Não identificado,10,https://www.adzuna.com.br/land/ad/5794370658?se=xtzOzWmB8RGnGfZ-Vm2jGw&utm_medium=api&utm_source=17cb7e5a&v=2615365184BDD39A8D35EB040166B6BF73DF7F3C,2026-07-16,API Adzuna
75,Adzuna,Auxiliar Administrativo - Auxiliar Administrativo,VIA SUL VEICULOS SA,"Já pensou em fazer parte de uma das melhores e maiores VIA's do Nordeste? Sobre a vaga: Estamos em busca de um(a) Auxiliar Administrativo para dar suporte operacional às rotinas da nossa empresa, organizando documentos, arquivos físicos/digitais, atendendo clientes e fornecedores, e preenchendo planilhas Principais atribuições: Manter arquivos de documentos, contratos e faturas organizados, tanto físicos quanto digitais, Receber chamadas telefônicas, e-mails e atender ao público (fornecedores/c…",,Não identificado,Fora de Area,Não identificado,10,https://www.adzuna.com.br/details/5798277300?utm_medium=api&utm_source=17cb7e5a,2026-07-16,API Adzuna
76,Adzuna,Auxiliar Administrativo - Auxiliar Administrativo,OTICA STAR MIX,"Área e especialização profissional: Administração - Administração Geral Nível hierárquico: Auxiliar Local de trabalho: Carapicuíba, SP Regime de contratação de tipo Efetivo – CLT Jornada Período Integral Execução das atividades administrativas da empresa, desenvolvendo os processos de controles e arquivamento de documentos. Elaboração e digitação de documentos. Elaboração e alimentação de planilhas de controle interno. Organização de documentos referentes a área de legalização. Dar suporte para…",,Não identificado,Fora de Area,Não identificado,10,https://www.adzuna.com.br/details/5713564278?utm_medium=api&utm_source=17cb7e5a,2026-07-16,API Adzuna
77,Adzuna,Auxiliar Administrativo - Auxiliar Administrativo,Luarc,"Área e especialização profissional: Administração - Administração Geral Nível hierárquico: Operacional Local de trabalho: São Paulo, SP Regime de contratação de tipo Efetivo – CLT Jornada Período Integral Buscamos um Assistente Administrativo, para atuar no suporte às rotinas administrativas e de logística da empresa, e contribuir para a melhoria contínua dos processos, garantindo organização, agilidade e conformidade com os procedimentos internos. Principais responsabilidades: Prestar suporte …",,Não identificado,Fora de Area,Não identificado,10,https://www.adzuna.com.br/details/5755282653?utm_medium=api&utm_source=17cb7e5a,2026-07-16,API Adzuna
78,Adzuna,Auxiliar Administrativo - Auxiliar Administrativo,Empresa com nome confidencial,"Vaga: Assistente Administrativo – E-commerce / Comercial Estamos em busca de um(a) profissional organizado(a), proativo(a) e com boa comunicação para integrar nossa equipe administrativa. Principais responsabilidades: Emissão e acompanhamento de pedidos no sistema; Emissão de notas fiscais; Cadastro e atualização de clientes, produtos e transportadoras; Elaboração e controle de relatórios gerenciais; Atendimento e suporte a clientes e representantes comerciais; Tratativa de trocas, devoluções e…",,Não identificado,Fora de Area,Não identificado,10,https://www.adzuna.com.br/details/5794799539?utm_medium=api&utm_source=17cb7e5a,2026-07-16,API Adzuna
79,Adzuna,Auxiliar Administrativo,AccorHotel,"Descrição da vaga Realizar os controles e processamentos pertinentes à Contas a Pagar, Contas Receber e Departamento Pessoal, com exatidão e nos prazos requeridos. • Fazer a abertura do caixa, conferindo o movimento diário de dinheiro, cartões, faturas, moedas estrangeiras, comprovantes de depósitos antecipados etc. e realizando os respectivos depósitos, diariamente. • Providenciar envio dos títulos a receber aos clientes, seguindo padrões e procedimentos preestabelecidos. • Acompanhar as carte…",,Não identificado,Fora de Area,Não identificado,10,https://www.adzuna.com.br/details/5802045712?utm_medium=api&utm_source=17cb7e5a,2026-07-16,API Adzuna
80,Adzuna,Auxiliar Administrativo - Auxiliar Administrativo 1135,RHF TALENTOS MATRIZ,"O cliente (empresa de equipamentos de automação para empresas localizada no bairro Vila Izabel) valoriza e investe nas relações humanas, proporcionando um ambiente participativo, alegre e comprometido. Estamos em busca de um profissional para atuar como Auxiliar Administrativo. O candidato ideal será responsável por dar suporte nas áreas comercial e Cobranças. O profissional deverá desenvolver as seguintes funções: • Atendimento: ao cliente: Receber e direcionar ligações, fornecendo informações…",,Não identificado,Fora de Area,Não identificado,10,https://www.adzuna.com.br/details/5497509520?utm_medium=api&utm_source=17cb7e5a,2026-07-16,API Adzuna
81,Adzuna,Auxiliar Administrativo I - Auxiliar Administrativo,Manserv,"Descrição das Responsabilidades: Realizar atividades administrativas de apoio, prestando suporte às áreas da empresa, controlando documentos e informações, e garantindo a conformidade com as normas e procedimentos da empresa; Realizar atividades administrativas de apoio mediante a organização de documentos e informações; Controlar documentos mediante a atualização de registros e arquivamento; Preparar relatórios e planilhas mediante a coleta e análise de dados; Fornecer suporte técnico aos usuá…",,Não identificado,Fora de Area,Não identificado,10,https://www.adzuna.com.br/details/5771988797?utm_medium=api&utm_source=17cb7e5a,2026-07-16,API Adzuna
82,Adzuna,Auxiliar Administrativo - Auxiliar Administrativo/Financeiro,LOK MAIS ALUGUEL DE MOTOS,"Área e especialização profissional: Administração - Administração Geral Nível hierárquico: Auxiliar Local de trabalho: Contagem, MG Regime de contratação de tipo Efetivo – CLT Jornada Período Integral Executar as rotinas administrativas gerais da empresa, garantindo a organização dos processos; Realizar o atendimento ao público ( tanto presencial quanto por telefone), garantindo uma experiência acolhedora e eficiente; Alimentar planilhas de controle em Excell; Operar o nossos sistema próprio de…",,Não identificado,Fora de Area,Não,10,https://www.adzuna.com.br/details/5744500563?utm_medium=api&utm_source=17cb7e5a,2026-07-16,API Adzuna
83,Adzuna,Auxiliar Administrativo - Auxiliar Administrativo De SAC,MZT CARGAS LTDA,"Área e especialização profissional: Telemarketing - SAC Nível hierárquico: Auxiliar Local de trabalho: Blumenau, SC Regime de contratação de tipo Efetivo – CLT Jornada Período Integral Atividades: suporte e atendimento ao cliente no decorrer da operação, prestando as informações necessárias e garantindo que a carga chegue ao destino em conformidade, através de rastreamento e monitoramento das cargas. Contato com clientes através de ligações, e-mails e WhatsApp para resolução de problemas, obter…",,Não identificado,Fora de Area,Não identificado,10,https://www.adzuna.com.br/details/5729420449?utm_medium=api&utm_source=17cb7e5a,2026-07-16,API Adzuna
84,Adzuna,Auxiliar Administrativo,,Auxiliar Administrativo - - auxílio no lançamentos de notas fiscais - auxílio no lançamentos de OS - auxílio no controle de estoque - auxílio no administrativo - auxílio no contas a pagar e a receber - auxílio nos orçamentos - E demais atividades pertinentes a função,,Não identificado,Fora de Area,Não identificado,10,https://www.adzuna.com.br/details/5800455691?utm_medium=api&utm_source=17cb7e5a,2026-07-16,API Adzuna
85,Adzuna,COORDENADOR (A) DE CALL CENTER,ST Serviços Empresariais,"Descrição da Empresa ST Serviços Empresariais é uma empresa localizada em Porto Alegre, Brasil. Atuamos no segmento corporativo, oferecendo soluções personalizadas e eficientes para atender às necessidades dos nossos clientes. Somos reconhecidos pela excelência no atendimento e pela busca contínua por inovação e qualidade. Nosso objetivo é promover o crescimento sustentável e o sucesso de nossos parceiros de negócio. Descrição do Cargo Procuramos um Coordenador (a) de Call Center para liderar e…",,Não identificado,Fora de Area,Não identificado,10,https://www.adzuna.com.br/land/ad/5700088168?se=KAGszmmB8RGnGfZ-Vm2jGw&utm_medium=api&utm_source=17cb7e5a&v=831F2C71C94253D1D56C6EF2657D919718EB08B3,2026-07-16,API Adzuna
86,Adzuna,Coordenador(a) de Atendimento (Call Center) - Petz,Petz,"Sobre o Papel Responsável pela gestão e desenvolvimento da liderança operacional, promovendo o crescimento profissional das equipes e garantindo a aderência às estratégias da área. Responsabilidades Acompanhar e analisar indicadores de desempenho, produtividade, qualidade e níveis de serviço, assegurando o cumprimento das metas estabelecidas. Atuar na orientação, engajamento e desenvolvimento das equipes, promovendo um ambiente de alta performance e foco na experiência do cliente. Identificar o…",,Não identificado,Fora de Area,Não identificado,10,https://www.adzuna.com.br/land/ad/5768012041?se=KAGszmmB8RGnGfZ-Vm2jGw&utm_medium=api&utm_source=17cb7e5a&v=79323C93B1827E1CE859FDDA1BA94A0FEF9FE39E,2026-07-16,API Adzuna
87,Adzuna,Atendente de Call Center - Chat e Libras,Banco Daycoval,"Procuramos um profissional para se juntar a nossa equipe de suporte e construir relacionamentos duradouros com nossos clientes que buscam Serviço de Atendimento ao Cliente (SAC). É a nossa área responsável por gerenciar e responder às perguntas e problemas dos clientes do Grupo Daycoval. Os desafios comuns nessa área incluem lidar com clientes insatisfeitos, garantir a resolução rápida e eficaz de problemas e manter altos padrões de atendimento ao cliente. Além disso, é importante manter-se atu…",,Não identificado,Fora de Area,Não identificado,10,https://www.adzuna.com.br/land/ad/5772148571?se=KAGszmmB8RGnGfZ-Vm2jGw&utm_medium=api&utm_source=17cb7e5a&v=91BB629C297444FBAA8CD6C86040E1915BF2B322,2026-07-16,API Adzuna
88,Adzuna,Supervisor(a) de atendimento em Call Center - São Paulo/SP,Empresa Confidencial,"Sobre a Empresa Empresa varejista contrata. Sobre o Papel Responsável por garantir atendimento ao cliente de forma eficaz, ágil e resolutiva, conforme critérios de qualidade definidos pela Diretoria. Através da supervisão de equipes de tele atendimento visa maximizar a produtividade, controla os indicadores e implementa ações táticas para atingimento dos indicadores. Responsabilidades Supervisionar equipes de atendimento dando suporte aos atendentes em todas as etapas de atendimento (1º nível, …",,Não identificado,Fora de Area,Não identificado,10,https://www.adzuna.com.br/land/ad/5770810710?se=KAGszmmB8RGnGfZ-Vm2jGw&utm_medium=api&utm_source=17cb7e5a&v=560587CAE9C859685B7C3A0F8D98C7DC26099998,2026-07-16,API Adzuna
89,Adzuna,TELEMARKETING - TELEMARKETING/ CALL CENTER,Real Time Big Data,"Área e especialização profissional: Telemarketing - Telemarketing / Call Center Ativo Nível hierárquico: Operacional Local de trabalho: Goiânia, GO Regime de contratação de tipo Efetivo – CLT Jornada Parcial manhãs VAGA: ATENDENTE DE CALL CENTER PESQUISA DE OPINIÃO (PRESENCIAL) A empresa Atuamos com pesquisas de opinião pública, realizando a coleta de dados para estudos de mercado, análise de comportamento e avaliação de serviços. Atribuições do cargo O profissional será responsável por conduzi…",,Não identificado,Fora de Area,Não,10,https://www.adzuna.com.br/details/5744379981?utm_medium=api&utm_source=17cb7e5a,2026-07-16,API Adzuna
90,Adzuna,Telemarketing / Call Center,CREDBANK SOLUÇÕES FINANCEIRAS,"VAGA DE CALL CENTER: Ambos os SEXOS, ensino médio completo, ter boa comunicação, não é necessário ter experiência. Experiência na área será um diferencial Informações complementares: - Horário comercial: 9:00 as 18:00hs - Sábado : 9:00 as 12:00 hrs - Local: Centro (Londrina) - Ter experiência em atendimento ao publico - VAGA DISPONIVEL PARA MORADORES DE LONDRINA E REGIÃO Tipo de vaga: Tempo integral, Efetivo CLT, Autônomo / PJ Duração do contrato: 12 meses Pagamento: R$1.800,00 - R$4.100,00 por…",,Não identificado,Fora de Area,Não identificado,10,https://www.adzuna.com.br/details/5803761320?utm_medium=api&utm_source=17cb7e5a,2026-07-16,API Adzuna
91,Adzuna,Telemarketing / Call Center,NOVA GESTÕES SERVIÇO DE COBRANÇA EXTRA JUDICIAL LTDA,"Descrição da Vaga Vaga para recuperador de crédito presencial, para atuar no ramo de cobrança de produtos bancários. Horário de Segunda a Sexta feira, das 09:00 às 17:30 hs. Necessário, boa apresentação, ser comunicativo, e ter vontade de aprender e crescer, esta cursando ou finalizado o ensino médio, experiência na área de atendimento ao cliente será um diferencial. Dados da Vaga: Salário R$ 1412,00 ( Experiência ), após à experiência R$ 1.470,00  probabilidade do Bônus por assiduídade de R$ 1…",,Não identificado,Fora de Area,Não,10,https://www.adzuna.com.br/details/5801721265?utm_medium=api&utm_source=17cb7e5a,2026-07-16,API Adzuna
92,Adzuna,Telemarketing / Call Center,12093588000154,"Cargo: Vendedor - Call Center Localização: João Alencar Guimarães, 213 - Santa Quitéria Salário: R$ 1.631,00  bonificações (sem limite máximo) Benefícios: - Vale-transporte: 2 passagens por dia - Vale-refeição: R$ 28,00 por dia - Parceria com PUC, clinicas de estética entre outros. - Convenio farmácia, planos de saúde e odonto. - Seguro de vida - Plano de carreira Horário: Segunda a Sexta-feira, das 08h às 18h Requisitos: - Disciplina e Organização: Capacidade de manter o foco e seguir processo…",,Não identificado,Fora de Area,Não identificado,10,https://www.adzuna.com.br/details/5801672160?utm_medium=api&utm_source=17cb7e5a,2026-07-16,API Adzuna
93,Adzuna,Telemarketing / Call Center,Word easy serviços e investimentos Ltda,"PRECISO DE VENDEDORES PARA INICIO IMEDIATO Requisitos: - Ensino Médio Completo - Saber trabalhar em equipe - Comunicativo - Proativo - Flexibilidade de Horário Benefícios: - Com ou sem experiência - Plano de Carreira - Melhor Comissionamento do Mercado - Vale Transporte - Treinamentos Semanais - Bonificações por meta batida - Suporte Jurídico VAGAS PARA VENDEDOR INÍCIO IMEDIATO! Tipo de vaga: Tempo integral, Efetivo CLT Pagamento: R$1.450,00 - R$3.500,00 por mês Benefícios: - Celular da empresa…",,Não identificado,Fora de Area,Não identificado,10,https://www.adzuna.com.br/details/5803682343?utm_medium=api&utm_source=17cb7e5a,2026-07-16,API Adzuna
94,Adzuna,Telemarketing / Call Center,Lemes Rio,"ATENDIMENTO AO CLIENTE; VENDAS POR TELEFONE; INFORMAÇÕES CADASTRAIS. PRECISA POSSUIR O ENSINO MÉDIO COMPLETO; GOSTAR DE TRABALHAR EM EQUIPE. Tipo de vaga: Tempo Integral, Efetivo/CLT Pagamento: R$1.412,00 por mês Benefícios: - Assistência médica - Vale-refeição - Vale-transporte Horário de trabalho: - De segunda à sexta-feira Tipos de pagamento adicional: - 13º salário - Bônus - Hora extra Escolaridade: - Ensino Médio completo (obrigatório) Experiência: - Vendas (obrigatório)",,Não identificado,Fora de Area,Não identificado,10,https://www.adzuna.com.br/details/5803827744?utm_medium=api&utm_source=17cb7e5a,2026-07-16,API Adzuna
95,Adzuna,Telemarketing / Call Center,Valor Potencial,"O(a) profissional será responsável por atender o cliente de forma receptiva e ativa, fornecendo informações, solucionando dúvidas e agendando exames e consultas. Buscamos alguém comprometido em encontrar alternativas de maneira rápida e eficiente. Pré-requisitos: Ensino médio completo; Experiência na função; Ter boa comunicação oral e escrita; Habilidades Ter jogo de cintura para lidar com clientes de diversos perfis; Ser um bom ouvinte para entender as demandas; Ter ampla visão para pensar em …",,Não identificado,Fora de Area,Não identificado,10,https://www.adzuna.com.br/details/5803892075?utm_medium=api&utm_source=17cb7e5a,2026-07-16,API Adzuna
96,Adzuna,Telemarketing / Call Center,POTIGUAR CONSORCIOS,"PRIORIDADE PARA PRIMEIRO EMPREGO. RESIDENTE EM NATAL SALÁRIO  COMISSÃO COM OU SEM EXPERIENCIA BOA COMUNICAÇÃO, GOSTE DE TRABALHAR POR META PRIORIDADE PARA PRIMEIRO EMPREGO - TREINAMENTO DE VENDAS - __________ DEIXE SEU CURRICULO COM FOTO NO EMAIL OU WPP CURRICULO ATUALIZADO Tipo de vaga: Efetivo CLT Salário: R$1.412,00 - R$2.520,10 por mês Benefícios: - Estacionamento gratuito - Participação nos lucros Horário de trabalho: - De segunda à sexta-feira - Dias úteis e feriados - Turno de 8 horas Ti…",,Não identificado,Fora de Area,Não identificado,10,https://www.adzuna.com.br/details/5803870124?utm_medium=api&utm_source=17cb7e5a,2026-07-16,API Adzuna
97,Adzuna,Telemarketing,Folha de S.Paulo,"Teleoperador de vendas ou cobrança Pré-requisitos - Ensino médio completo - Noções básicas de informática (excel/word/outlook) - Experiência prévia em Ativo de Vendas ou Cobrança Benefício - VTVR - Cesta básica / Assistência Médica / Auxílio-creche para mães - Day off - WellHub - Modelo de trabalho híbrido Local de trabalho: Campos Elíseos, próximo ao metrô Santa Cecília",,Não identificado,Fora de Area,Híbrido,10,https://www.adzuna.com.br/land/ad/5783422004?se=KAGszmmB8RGnGfZ-Vm2jGw&utm_medium=api&utm_source=17cb7e5a&v=A4B9985599E9C43E7B1355031A6FD4ABB6A610DF,2026-07-16,API Adzuna
98,Adzuna,Operadora de Telemarketing | Call Center,Danny Cosméticos,"Se você gosta de conversar, encantar clientes e deseja crescer profissionalmente na área de atendimento e vendas, a vaga de Operadora de Telemarketing é ideal para você. Você fará parte de uma equipe focada em oferecer um atendimento humano, ágil e eficiente, representando uma empresa sólida e em expansão. Aqui, você terá treinamento, acompanhamento próximo e espaço para desenvolver sua carreira em atendimento e vendas. Realizar atendimento telefônico aos clientes com cordialidade, empatia e fo…",,Não identificado,Fora de Area,Não identificado,10,https://www.adzuna.com.br/details/5584677366?utm_medium=api&utm_source=17cb7e5a,2026-07-16,API Adzuna
99,Adzuna,Operador De Telemarketing - Call Center,Clinica Dimeg,"Área e especialização profissional: Telemarketing - SAC Nível hierárquico: Operacional Número de vagas: 8 Local de trabalho: Osasco, SP Regime de contratação de tipo Efetivo – CLT Jornada Período Integral Principais responsabilidades: Realizar atendimento telefônico receptivo aos pacientes; Efetuar agendamentos de exames e consultas; Esclarecer dúvidas sobre preparos, convênios e procedimentos realizados pela clínica; Atualizar cadastros e registrar informações em sistema; Realizar contatos ati…",,Não identificado,Fora de Area,Não identificado,10,https://www.adzuna.com.br/details/5759858624?utm_medium=api&utm_source=17cb7e5a,2026-07-16,API Adzuna
100,Adzuna,Analista Suporte (TI),ROCA BRASIL,"Você está em busca de uma oportunidade para trabalhar em ambientes inspiradores? Estamos com oportunidade na posição de Analista de Suporte Jr (TI) para se juntar à nossa equipe e trabalhar em uma empresa certificada como Lugares Mais Incríveis para Trabalhar 2025 e GPTW, oferecendo uma experiência única e gratificante. Descritivo da Vaga: Estamos em busca de um(a) profissional para atuar com suporte técnico presencial aos usuários, manutenção de equipamentos e apoio à infraestrutura de TI. Req…",,Júnior,Fora de Area,Não,15,https://www.adzuna.com.br/details/5760246826?utm_medium=api&utm_source=17cb7e5a,2026-07-16,API Adzuna
101,Adzuna,Analista Suporte Ti Pl,ABB,"At ABB, we help industries outrun - leaner and cleaner. Here, progress is an expectation - for you, your team, and the world. As a global market leader, we’ll give you what you need to make it happen. It won’t always be easy, growing takes grit. But at ABB, you’ll never run alone. Run what runs the world. This Position reports to: IS Service Manager Você é apaixonado por tecnologia e quer fazer parte de uma empresa global que lidera em inovação? A ABB está em busca de um(a) Analista Suporte TI …",,Não identificado,Fora de Area,Não identificado,15,https://www.adzuna.com.br/details/5800278003?utm_medium=api&utm_source=17cb7e5a,2026-07-16,API Adzuna
102,Adzuna,Analista Suporte Ti Jr,UP,"Description Olá, somos a Cruzeiro do Sul Educacional! ⭐ Nós acreditamos no poder de transformação de vidas por meio da educação de qualidade e excelência! Aqui, nós buscamos conectar diferentes pessoas para que possam construir um mundo melhor a partir da educação, com muito trabalho, respeito e dedicação, proporcionando a melhor experiência e apoiando a jornada do conhecimento de mais de 500 mil alunos. A Cruzeiro do Sul Educacional S/A é um dos maiores e mais representativos grupos de educaçã…",,Júnior,Fora de Area,Não identificado,15,https://www.adzuna.com.br/details/5780527295?utm_medium=api&utm_source=17cb7e5a,2026-07-16,API Adzuna
103,Adzuna,Analista Suporte TI Jr,Vivo Vita,"Description Na Vivo Vita somos especialistas em tecnologia, infraestrutura de rede e cibersegurança e temos um propósito claro: impulsionar a transformação digital com inteligência, segurança e inovação. Aqui transformamos estratégia em impacto. Criamos soluções que otimizam processos, fortalecem a resiliência das operações e constroem ambientes digitais mais seguros. Acreditamos que o futuro é feito por pessoas. Por isso buscamos talentos que queiram aprender, evoluir e cocriar conosco em um a…",,Júnior,Fora de Area,Não identificado,15,https://www.adzuna.com.br/details/5794765311?utm_medium=api&utm_source=17cb7e5a,2026-07-16,API Adzuna
104,Adzuna,Analista Suporte Ti Jr,Multilog,"Você já imaginou trabalhar em uma das melhoras empresas de logística para se trabalhar? Aqui valorizamos o respeito com as pessoas, a fim de estreitar a confiança nas relações e integridade nas práticas, sem perder a paixão por vencer! COMO É TER O JEITO MULTILOG?! É ser apaixonado pelo que faz e realiza, pensar constantemente “fora da caixa”. É inovar para crescer, aproveitando as oportunidades para fazer acontecer. O senso de dono faz parte do DNA Multilog Nada como encantar e conectar-se ás …",,Júnior,Fora de Area,Não identificado,15,https://www.adzuna.com.br/details/5801718888?utm_medium=api&utm_source=17cb7e5a,2026-07-16,API Adzuna
105,Adzuna,ANALISTA SUPORTE TI - JR,VESTE SA ESTILO,"SEU PAPEL, SEU MOOD: - Atender e registrar chamados/reportes de problemas vindos dos times internos das lojas (chamados, teams); - Realizar análise inicial para identificar a natureza do problema (incidente, dúvida, melhoria); - Classificar e priorizar os chamados de acordo com a criticidade e impacto no negócio; - Resolver problemas de baixa complexidade seguindo base de conhecimento e documentações existentes; - Escalar chamados para o time de engenharia quando necessário, já com informações …",,Júnior,Fora de Area,Não identificado,15,https://www.adzuna.com.br/details/5800303461?utm_medium=api&utm_source=17cb7e5a,2026-07-16,API Adzuna
106,Adzuna,ANALISTA SUPORTE TI - SC,Top recursos humanos,"ATIVIDADES DESENVOLVIDAS: Atendimento de chamados;Desenvolver, corrigir e implementar melhorias em sistemas.Realizar análise de requisitos e suporte aos usuários.Criação e otimização de consultas SQL. Documentar processos e funcionalidades.Participar de projetos de implantação, integração e manutenção de sistemas.Garantir a qualidade e estabilidade das aplicações, através de monitoramento e análise de desempenho. REQUISITOS: Ensino médio completo. Experiência com sistema Escalasoft.Conhecimento…",,Não identificado,Fora de Area,Não identificado,15,https://www.adzuna.com.br/details/5801212942?utm_medium=api&utm_source=17cb7e5a,2026-07-16,API Adzuna
107,Adzuna,ANALISTA SUPORTE TI - PR,Top recursos humanos,"ATIVIDADES DESENVOLVIDAS: Atendimento de chamados;Desenvolver, corrigir e implementar melhorias em sistemas.Realizar análise de requisitos e suporte aos usuários.Criação e otimização de consultas SQL. Documentar processos e funcionalidades.Participar de projetos de implantação, integração e manutenção de sistemas.Garantir a qualidade e estabilidade das aplicações, através de monitoramento e análise de desempenho. REQUISITOS: Ensino médio completo. Experiência com sistema Escalasoft.Conhecimento…",,Não identificado,Fora de Area,Não identificado,15,https://www.adzuna.com.br/details/5801909379?utm_medium=api&utm_source=17cb7e5a,2026-07-16,API Adzuna
108,Adzuna,Analista Suporte (TI) - Nível 1,Roca Brasil,"Você está em busca de uma oportunidade para trabalhar em ambientes inspiradores? Estamos com oportunidade na posição de Analista de Suporte Jr (TI) para se juntar à nossa equipe e trabalhar em uma empresa certificada como Lugares Mais Incríveis para Trabalhar 2025 e GPTW, oferecendo uma experiência única e gratificante. Descritivo da Vaga: Estamos em busca de um(a) profissional para atuar com suporte técnico presencial aos usuários, manutenção de equipamentos e apoio à infraestrutura de TI. Req…",,Júnior,Fora de Area,Não,15,https://www.adzuna.com.br/details/5762964655?utm_medium=api&utm_source=17cb7e5a,2026-07-16,API Adzuna
109,Adzuna,Analista Suporte Ti - Jr - Lojas,VESTE SA ESTILO,"SEU PAPEL, SEU MOOD: - Atender e registrar chamados/reportes de problemas vindos dos times internos das lojas (chamados, teams); - Realizar análise inicial para identificar a natureza do problema (incidente, dúvida, melhoria); - Classificar e priorizar os chamados de acordo com a criticidade e impacto no negócio; - Resolver problemas de baixa complexidade seguindo base de conhecimento e documentações existentes; - Escalar chamados para o time de engenharia quando necessário, já com informações …",,Júnior,Fora de Area,Não identificado,15,https://www.adzuna.com.br/details/5771991308?utm_medium=api&utm_source=17cb7e5a,2026-07-16,API Adzuna
110,Adzuna,Analista Suporte Ti Jr /logística - Ipatinga,Grupo Easy,"Prestação de serviços de implementação e logística para a substituição de aparelhos de telefonia móvel - Logística de entrega e recolhimento de aparelhos, configuração e ativação dos novos dispositivos Escolaridade Mínima: Curso Técnico",,Júnior,Fora de Area,Não identificado,15,https://www.adzuna.com.br/details/5801700511?utm_medium=api&utm_source=17cb7e5a,2026-07-16,API Adzuna
111,Adzuna,Analista Suporte TI JR - Exclusiva para Pessoas com Deficiência,CVC Corp,"Description Nós somos a CVC Corp, o maior grupo de viagens das Américas, formado por unidades de negócios que atuam com marcas distintas nos segmentos de viagens de férias e de lazer, viagens corporativas e relacionadas a cursos e intercâmbio cultural no exterior. A evolução, a expertise e o pioneirismo das nossas marcas impactam o mercado e a economia, com o proposito de embarcar com você pelo mundo, proporcionando as melhores experiências todos os dias . Aqui, formamos um time que busca evolu…",,Júnior,Fora de Area,Não identificado,15,https://www.adzuna.com.br/details/5793386540?utm_medium=api&utm_source=17cb7e5a,2026-07-16,API Adzuna
112,Adzuna,Analista de Suporte - TI,Confidencial,"Estamos em busca de um(a) Analista de Suporte (TI) para integrar nossa equipe! Se você gosta de tecnologia, possui perfil proativo e boa comunicação, essa oportunidade pode ser para você. Principais atividades: Suporte técnico aos usuários; Instalação e configuração de equipamentos e softwares; Manutenção básica de hardware e infraestrutura; Atendimento e acompanhamento de chamados internos. Requisitos: Conhecimento em suporte técnico e redes; Ensino técnico ou superior em TI ou áreas correlata…",,Não identificado,Fora de Area,Não identificado,15,https://www.adzuna.com.br/details/5740672886?utm_medium=api&utm_source=17cb7e5a,2026-07-16,API Adzuna
113,Adzuna,Analista de Suporte (Ti),RHESERVA,"Estamos em busca de um Analista de Suporte (TI) para atuar em uma empresa sólida, que valoriza a tecnologia como pilar estratégico. Se você tem paixão por resolver problemas, gosta de trabalhar em um ambiente dinâmico e quer fazer parte de um time comprometido com excelência no atendimento, essa oportunidade pode ser ideal para você! Suas principais responsabilidades incluirão: Realizar manutenção preventiva e corretiva em equipamentos e sistemas; Instalar e configurar softwares, sistemas e equ…",,Não identificado,Fora de Area,Não identificado,15,https://www.adzuna.com.br/details/5801652453?utm_medium=api&utm_source=17cb7e5a,2026-07-16,API Adzuna
114,Adzuna,Assistente financeiro,UP Estate, Vaga Aberta | Assistente Financeiro (Foco em Cobranças) A UP Estate está em busca de um(a) Assistente Financeiro(a) com foco em cobranças para integrar nosso time! Principais atividades: ✅ Realizar contato com clientes para cobrança de valores em aberto; ✅ Negociação e acompanhamento de acordos; ✅ Emissão e envio de boletos; ✅ Controle de inadimplência e atualização de relatórios; ✅ Apoio às rotinas financeiras do setor. Requisitos: Boa comunicação e negociação; Organização e atenção aos detal…,,Não identificado,Fora de Area,Não identificado,10,https://www.adzuna.com.br/land/ad/5762461401?se=WJFO0GmB8RGuXZiVwx-Xkw&utm_medium=api&utm_source=17cb7e5a&v=A9792A4CB3BF72E26C1D8013378CBAE5E3AE8ED2,2026-07-16,API Adzuna
115,Adzuna,Assistente financeiro,Grupo Beneduce,Descrição do Cargo : O cargo de assistente financeiro no Grupo Beneduce é responsável pelo apoio às rotinas financeiras e administrativas da empresa. No dia a dia realiza lançamento e conferência de notas fiscais controle de contas a pagar e a receber emissão de boletos e organização de documentos financeiros. Também auxilia na conciliação bancária acompanha fluxo de caixa e apoia o fechamento financeiro em parceria com a contabilidade. Este é um cargo em regime de tempo integral com atuação hí…,,Não identificado,Fora de Area,Não identificado,10,https://www.adzuna.com.br/land/ad/5801467034?se=WJFO0GmB8RGuXZiVwx-Xkw&utm_medium=api&utm_source=17cb7e5a&v=E8FE8B744658B8891CE45B6C5E0AE8DD587FE410,2026-07-16,API Adzuna
116,Adzuna,Assistente financeiro,Rede ICM de Educação e Assistência Social,"Sobre Nós Somos a Rede ICM de Educação e Assistência Social que, fiel às suas origens, acolhe e educa crianças, adolescentes e jovens, garantindo um processo formativo integral e inovador, que possibilita o desenvolvimento do senso crítico, da ética, da solidariedade e da cidadania. As unidades de ensino e socioassistenciais, em seu fazer educativo, favorecem a construção do conhecimento e do desenvolvimento humano, científico, tecnológico e espiritual; contribuem para a formação de cidadãos ca…",,Não identificado,Fora de Area,Não identificado,10,https://www.adzuna.com.br/land/ad/5787291972?se=WJFO0GmB8RGuXZiVwx-Xkw&utm_medium=api&utm_source=17cb7e5a&v=40F5C262AC48F7DECF2F316CF5C530E98E903748,2026-07-16,API Adzuna
117,Adzuna,Assistente financeiro,Car10 - Uma empresa Webmotors,"Há 11 anos atuamos no segmento de tecnologia com foco em inovação automotiva, nós somos a solução online para todas as necessidades do seu carro , transformando, facilitando e inovando a experiência de conserto e manutenção de carros de uma forma: segura, rápida e eficiente. A Car10 , empresa coligada da Webmotors , é um serviço direcionado tanto ao consumidor final que sofreu uma avaria no veículo e quer o orçamento de diferentes oficinas, quanto as oficinas que conseguem captar novos clientes…",,Não identificado,Fora de Area,Não identificado,10,https://www.adzuna.com.br/land/ad/5798082922?se=WJFO0GmB8RGuXZiVwx-Xkw&utm_medium=api&utm_source=17cb7e5a&v=F07C07179C450A207AFEBC9EDC23A1D30F2EE6CB,2026-07-16,API Adzuna
118,Adzuna,Assistente Financeiro Pleno,ELETROTÉCNICA TMP,"ASSISTENTE FINANCEIRO – CONTAS A PAGAR Empresa: TMP Eletrotécnica Local de trabalho: Franca/SP Regime de contratação: CLT Atuação: PRESENCIAL 100% NA CIDADE DE FRANCA/SP PRINCIPAIS RESPONSABILIDADES Realizar lançamentos, conferências e baixas de contas a pagar; Controlar vencimentos e programar pagamentos; Conferir notas fiscais, boletos, contratos e demais documentos financeiros; Realizar conciliações bancárias e acompanhar movimentações financeiras; Organizar comprovantes, documentos e arquiv…",,Pleno,Fora de Area,Não,0,https://www.adzuna.com.br/land/ad/5800173572?se=WJFO0GmB8RGuXZiVwx-Xkw&utm_medium=api&utm_source=17cb7e5a&v=6CEFF38E3F0C649B618923E6B5B419B33B32C115,2026-07-16,API Adzuna
119,Adzuna,Assistente Financeiro - Temporário,Hays,"Oportunidade em grande empresa Temporário 9 meses Localidade: Alphaville - SP | Inicío presencial 3x na semana – logo, 100% Home Vaga: Assistente Financeiro Responsabilidades/Atividades As responsabilidades incluem a operação de contas a pagar e atendimento em geral, com início das atividades cedo devido ao fluxo de pagamento. É importante ter conhecimento sobre o funcionamento de uma esteira de contas a pagar, registros no banco e conhecimentos básicos da área. A vivência com grande volume de …",,Não identificado,Fora de Area,Não,10,https://www.adzuna.com.br/land/ad/5794370836?se=WJFO0GmB8RGuXZiVwx-Xkw&utm_medium=api&utm_source=17cb7e5a&v=443FF9E0AC8FD1767837FB21B1F2F2B1BD03E1DF,2026-07-16,API Adzuna
120,Adzuna,Assistente financeiro JR,Atlanteam Soluções em TI,"descrição da empresa a atlanteam soluções em ti é uma empresa focada em gestão de projetos de tecnologia, representação de software, desenvolvimento de sistemas e serviços de outsourcing. atua com inovação e agilidade criando parcerias de longo prazo com clientes dos setores privado e público. a empresa apoia organizações que buscam alto desempenho em diferentes áreas da economia. seu planejamento estratégico e modelo de trabalho priorizam identificar produtos, serviços e necessidades específic…",,Júnior,Fora de Area,Não identificado,10,https://www.adzuna.com.br/land/ad/5784149607?se=WJFO0GmB8RGuXZiVwx-Xkw&utm_medium=api&utm_source=17cb7e5a&v=DEA8C15531D4EDE91ABCFB61E9B2EB3476EB322D,2026-07-16,API Adzuna
121,Adzuna,Assistente Financeiro - Afirmativa para Pessoas com Deficiência,Cogna Educação,"SOMOS Educação. Aqui, você cresce enquanto transforma o futuro. Nós fazemos parte da Cogna, a maior empresa de serviços educacionais do país, e somos a principal aliada das escolas privadas na transformação da educação básica no Brasil .Atuamos com marcas reconhecidas nacionalmente, como Anglo, pH, Plurall, O Líder em Mim, Start Anglo e Amplia, todas referências em qualidade acadêmica, inovação pedagógica e resultados concretos. Nosso portfólio combina tradição e vanguarda. Atuamos com sistemas…",,Não identificado,Fora de Area,Não identificado,10,https://www.adzuna.com.br/land/ad/5795581739?se=WJFO0GmB8RGuXZiVwx-Xkw&utm_medium=api&utm_source=17cb7e5a&v=76A26AAFF8306641110B58F6BF14598E458C4E44,2026-07-16,API Adzuna
122,Adzuna,Assistente Financeiro – Contas a Receber e Faturamento,"Rossi, Maffini & Milman Advogados","Assistente Financeiro – Contas a Receber e Faturamento Objetivo da Posição Atuar nas rotinas financeiras com foco em contas a receber e faturamento, garantindo a correta execução dos processos de cobrança, emissão de documentos fiscais, conciliações financeiras e cumprimento dos prazos contratuais, assegurando a acuracidade das informações e a conformidade fiscal das operações. Principais Responsabilidades Executar as rotinas de contas a receber; Realizar baixas de recebimentos (manuais e autom…",,Não identificado,Fora de Area,Não identificado,10,https://www.adzuna.com.br/land/ad/5785294354?se=WJFO0GmB8RGuXZiVwx-Xkw&utm_medium=api&utm_source=17cb7e5a&v=18D7067DF756D7B5AE0CB705BA5673CA3870B65B,2026-07-16,API Adzuna
123,Adzuna,Assistente administrativo financeiro,DANESI,"Cursando ou Graduado em Contabilidade, Economia, Administração – área humanas Perfil dinâmico, pro-ativo, comprometido, alto rendimento Domínio pacote Office, principalmente Excel avançado Desejável: Experiência profissional. Vivência em conciliação bancária, contas a pagar/receber, departamento pessoal Usuário / facilidade com programas de gestão Noções da lingua Inglesa Salário compatível mercado Benefícios alimentação/restaurante Benefício saúde Bradesco Seguros total Benefício odontológico …",,Não identificado,Fora de Area,Não identificado,10,https://www.adzuna.com.br/land/ad/5745662019?se=WJFO0GmB8RGuXZiVwx-Xkw&utm_medium=api&utm_source=17cb7e5a&v=4907F38128E7E098B2150BDD1CC985F446336857,2026-07-16,API Adzuna
124,Adzuna,Assistente administrativo financeiro,Carmes Advogados Associados,"Estamos em busca de um(a) Auxiliar Administrativo Financeiro para integrar nossa equipe. Procuramos uma pessoa organizada, comprometida, proativa e com atenção aos detalhes para atuar nas rotinas financeiras e administrativas do escritório. Principais responsabilidades Contas a pagar e contas a receber; Emissão de boletos, notas fiscais e recibos; Conciliação bancária; Controle do fluxo de caixa; Organização e conferência de documentos financeiros; Lançamentos em sistema de gestão; Controle de …",,Não identificado,Fora de Area,Não identificado,10,https://www.adzuna.com.br/land/ad/5801466993?se=WJFO0GmB8RGuXZiVwx-Xkw&utm_medium=api&utm_source=17cb7e5a&v=D932A96CA7B6059DACC57C694C33258495B353E9,2026-07-16,API Adzuna
125,Adzuna,Assistente Financeiro - Assistente financeiro,Conexão Empregos,"Descrição das atividades que o profissional irá realizar Realizar levantamentos e controles das transações financeiras, acompanhar fluxo de caixa, contas a pagar e receber lançar e manter atualizados todos os pagamentos a serem efetuados. LI-Onsite",,Não identificado,Fora de Area,Não identificado,10,https://www.adzuna.com.br/details/5527898324?utm_medium=api&utm_source=17cb7e5a,2026-07-16,API Adzuna
126,Adzuna,Assistente Financeiro - Assistente Financeiro 1135,Água Verde/PR,"Importante empresa de cadeiras e poltronas está contratando um Assistente Financeiro, cujas funções serão: Contas a pagar e contas a receber, Análise de crédito, Conciliações bancárias, Envio de boletos para o banco e mudança de vencimento de boletos, Retorno bancário. RH: Controle de ponto, documentos para admissão, cadastro de colaboradores no ponto, agendamento de exames admissionais e demissionais. LI-Onsite",,Não identificado,Fora de Area,Não identificado,10,https://www.adzuna.com.br/details/5590640687?utm_medium=api&utm_source=17cb7e5a,2026-07-16,API Adzuna
127,Adzuna,Assistente Financeiro,vaga para Assistente Financeiro na Hiper,"Aqui na Hiper, somos uma tribo que joga junto e é movida por um propósito claro: tornar os negócios mais leves para construir vidas mais felizes. Acreditamos no poder dos pequenos negócios e existimos para aumentar as chances deles darem certo. Por isso, criamos o Hiper: uma plataforma simples, intuitiva e descomplicada, que ajuda lojistas a gerir seus negócios com mais eficiência e menos burocracia. Nosso jeito de ser é guiado pela simplicidade, pelo foco em resultado e pelo espírito de tribo.…",,Não identificado,Fora de Area,Não identificado,10,https://www.adzuna.com.br/details/5786035537?utm_medium=api&utm_source=17cb7e5a,2026-07-16,API Adzuna
128,Adzuna,Cientista Dados Negócios SR,#OPoderDosSonhos,"Description Dedicamo-nos a oferecer soluções de mobilidade que proporcionem experiências únicas por meio de nossos produtos e serviços. E isso só é possível porque temos uma equipe incrível , com brilho nos olhos e vontade de realizar! É assim que fazemos acontecer! Inspirados pelo Poder dos Sonhos e movidos pelas crenças fundamentais da nossa Filosofia: respeito ao indivíduo , iniciativa , igualdade e confiança, temos contribuído para tornar a Honda uma empresa única, inovadora e desejada pela…",,Sênior,Ciencia de Dados,Não identificado,43,https://www.adzuna.com.br/details/5794764857?utm_medium=api&utm_source=17cb7e5a,2026-07-16,API Adzuna
129,Adzuna,Cientista Dados Pleno (Agentes de IA),Tecnologia Grupo Casas Bahia,"Description Somos o Grupo Casas Bahia, com mais de 70 anos de história, realizando os sonhos de 100 milhões de brasileiros. Aqui, somos protagonistas o tempo todo, sempre com integridade e ética em tudo o que fazemos. A paixão pela nossa gente é o que nos move, e a dedicação total ao cliente é o nosso compromisso diário. Entregamos resultados e buscamos sempre a simplicidade em tudo o que fazemos! Buscamos um(a) Cientista de Dados Pleno para atuar na concepção, desenvolvimento e evolução de age…",,Pleno,Ciencia de Dados,Não identificado,63,https://www.adzuna.com.br/details/5796223655?utm_medium=api&utm_source=17cb7e5a,2026-07-16,API Adzuna
130,Adzuna,Cientista de dados,MOGAI TECNOLOGIA DE INFORMACAO S.A.,"Cientista de Dados — Visão Computacional e Video Analytics Estamos em busca de um Cientista de Dados para atuar no desenvolvimento de soluções avançadas em Visão Computacional e Video Analytics , trabalhando com modelos de Machine Learning e Deep Learning aplicados à análise de vídeos em tempo real e offline. Essa posição é ideal para profissionais que gostam de transformar dados em inteligência, construir soluções robustas e colaborar com diferentes áreas para levar modelos de IA até ambientes…",,Não identificado,Ciencia de Dados,Não identificado,78,https://www.adzuna.com.br/details/5660670506?utm_medium=api&utm_source=17cb7e5a,2026-07-16,API Adzuna
131,Adzuna,Cientista de Dados,Mobiis,"Descrição de Emprego - Cientista de Dados Descrição de Emprego - Cientista de Dados O cientista de dados é um profissional responsável por analisar e interpretar grandes conjuntos de dados, com o objetivo de extrair insights e informações relevantes para a tomada de decisões estratégicas em uma empresa. Requisitos: Formação em áreas como Ciência da Computação, Estatística, Matemática, Engenharia de Dados ou áreas relacionadas; Sólidos conhecimentos em linguagens de programação, como Python, R e…",,Não identificado,Ciencia de Dados,Não identificado,78,https://www.adzuna.com.br/details/5803878227?utm_medium=api&utm_source=17cb7e5a,2026-07-16,API Adzuna
132,Adzuna,Cientista De Dados,,"Cientista De Dados - O cenário ideal para expandir ideias através das ferramentas certas, contribuindo para nosso sucesso num ambiente colaborativo. Sobre o Papel:Procuramos Cientista de Dados, que queira aprender e transformar sua carreira. Principais Responsabilidades:Responsável por sustentar e criar modelos de ML, seguindo MLOPs. Capaz de tomar decisões de baixa e média complexidade, propor soluções e interagir com os demais colaboradores internos e do cliente. Competências Técnicas:Cientis…",,Não identificado,Ciencia de Dados,Não identificado,78,https://www.adzuna.com.br/details/5798327916?utm_medium=api&utm_source=17cb7e5a,2026-07-16,API Adzuna
133,Adzuna,Cientista de Dados,Agencia Recruiter,"SOBRE A EMPRESA Somos uma companhia global de tecnologia com mais de 23 anos de atuação no Brasil, focada em inovação e líder em soluções e serviços de alto valor agregado para os setores de Transporte e Tráfego, Energia e Indústria, Administração Pública e Saúde, Serviços Financeiros, Segurança e Defesa e Telecomunicações e Mídia, entre outros. Estamos presentes em mais de 140 países, desenvolvendo projetos inovadores e fornecendo soluções tecnológicas que impactam positivamente os negócios, a…",,Não identificado,Ciencia de Dados,Não identificado,78,https://www.adzuna.com.br/details/4319652509?utm_medium=api&utm_source=17cb7e5a,2026-07-16,API Adzuna
134,Adzuna,Cientista de Dados,Trampay,"Vaga: Cientista de Dados Tipo de contratação: PJ ou CLT Local de trabalho: Híbrido - 2x por semana em São Paulo/SP Remuneração: à combinar Sobre a vaga: Se você é apaixonado por transformar dados em decisões estratégicas e quer atuar de forma transversal em toda a empresa, essa oportunidade é pra você. Buscamos uma pessoa que vá além da análise técnica e atue como um parceiro de negócio, conectando dados, produtos, operações e estratégias para gerar impacto real no negócio Suas responsabilidade…",,Não identificado,Ciencia de Dados,Híbrido,78,https://www.adzuna.com.br/details/5744976134?utm_medium=api&utm_source=17cb7e5a,2026-07-16,API Adzuna
135,Adzuna,Cientista de Dados,Vaganet,"Descrição Estamos em busca de um(a) Cientista de Dados Sênior, com forte bagagem técnica, olhar crítico e paixão por problemas complexos. Este(a) profissional irá liderar iniciativas ponta a ponta, aplicando desde a exploração e tratamento de dados industriais até a entrega de modelos preditivos e pipelines escaláveis em produção.Se busca um ambiente onde o conhecimento e a inovação estão no centro de tudo, aqui é o lugar. Venha viver grandes indústrias com a gente! Responsabilidades e atribuiç…",,Sênior,Ciencia de Dados,Não identificado,43,https://www.adzuna.com.br/details/5788312752?utm_medium=api&utm_source=17cb7e5a,2026-07-16,API Adzuna
136,Adzuna,Cientista de Dados,LUZA Group,"Sobre o trabalho Cientista de Dados: Venha fazer parte de um ecossistema vivo onde o futuro dos negócios é criado e vivido todos os dias. Faça parte desta transformação Na LUZA Group, a paixão, a perseverança e a vontade de superar limites definem o nosso caminho para o sucesso. Fundada em 2006, somos uma multinacional portuguesa com mais de 1.200 profissionais talentosos e um volume de negócios. Com presença em mercados estratégicos como Portugal, Espanha, Marrocos, Brasil, México, Estados Uni…",,Não identificado,Ciencia de Dados,Não identificado,78,https://www.adzuna.com.br/details/5803716040?utm_medium=api&utm_source=17cb7e5a,2026-07-16,API Adzuna
137,Adzuna,Cientista de Dados,mazzatech,"O Cientista de Dados tem papel central na área, permitindo capitalizar os dados disponíveis e implementando algoritmos de descoberta e análise dos dados. Importante: aguçada visão analítica e estar antenado com novas tecnologias! Requisitos: - Formação em Computação, Engenharia, Física, estatística ou áreas correlatas - Paixão por descobrir insights ocultos em grandes conjuntos de dados estruturados e não estruturados - Excelente capacidade de entender e especificar demandas de diversas áreas e…",,Não identificado,Ciencia de Dados,Não identificado,78,https://www.adzuna.com.br/details/5803872272?utm_medium=api&utm_source=17cb7e5a,2026-07-16,API Adzuna
138,Adzuna,Cientista de Dados,XP,"Sobre nós ​ A XP Inc. é uma das maiores instituições financeiras independente do Brasil, dona das marcas XP, Rico, Clear, XP Educação, InfoMoney, entre outras. Com mais de 4,6 milhões de clientes ativos e um valor superior a R$ 1,1 trilhão de ativos sob custódia, há 25 anos vem transformando o mercado financeiro para melhorar a vida das pessoas. Com uma cultura marcante guiada por quatro valores - Sonho Grande, Espírito Empreendedor, Foco no Cliente e Mente Aberta - a XP Inc. está sempre em bus…",,Não identificado,Ciencia de Dados,Não identificado,78,https://www.adzuna.com.br/details/5116776881?utm_medium=api&utm_source=17cb7e5a,2026-07-16,API Adzuna
139,Adzuna,Cientista de Dados,QUORUM RH LTDA - ME,"Atuar em uma das maiores Consultorias de Gestão empresarial do país, com forte atuação nacional e internacional. Atividades:Acompanhamento de projetos de ciência de dados; Tratamento de dados para análise, utilizando técnicas avançadas; Análises de dados e estatísticas e interpretação de resultados; Desenvolver modelos preditivos e descritivos usando algoritmos de aprendizado de máquina avançados; Identificação de melhorias e otimização de processos existente; Comunicar insights e resultados de…",,Não identificado,Ciencia de Dados,Não identificado,78,https://www.adzuna.com.br/details/5803751306?utm_medium=api&utm_source=17cb7e5a,2026-07-16,API Adzuna
140,Adzuna,Cientista de Dados,Thera Consulting,"Cientista de Dados Disponibilidade imediata; Contratação PJ; Período estimado de 03 a 06 meses (podendo ser prorrogado); Atuação remota; Profissional com forte atuação em Pesquisa Operacional para desenvolver soluções analíticas avançadas aplicadas a problemas reais de negócio; Essa pessoa será responsável por modelar, implementar e otimizar problemas complexos de decisão, contribuindo diretamente para ganhos de eficiência operacional e suporte estratégico à tomada de decisão; A posição exige f…",,Não identificado,Ciencia de Dados,Não identificado,78,https://www.adzuna.com.br/details/5778275209?utm_medium=api&utm_source=17cb7e5a,2026-07-16,API Adzuna
141,Adzuna,Cientista de Dados,CredAluga,"Olá, seja bem vindo(a) a CredAluga Estamos em constante expansão e com isso buscamos talentos que queiram fazer história e impulsionar nossa marca para o sucesso. Se você é um profissional que está pronto para abraçar desafios emocionantes, esta é a sua chance. Buscamos um(a) Cientista de Dados para integrar nosso time de Crédito e Analytics para contribuir de forma estratégica nos nossos projetos. Junte-se a nós e faça parte de uma jornada incrível! Responsabilidades: - Este profissional será …",,Não identificado,Ciencia de Dados,Não identificado,78,https://www.adzuna.com.br/details/5803733152?utm_medium=api&utm_source=17cb7e5a,2026-07-16,API Adzuna
142,Adzuna,Cientista de Dados Sênior,Farmácias Pague Menos,"Somos gente que cuida de gente. Cada um com características, histórias e qualidades únicas, mas todos unidos pelo mesmo propósito: viver plenamente. Temos orgulho da nossa história, por isso fazemos o nosso melhor hoje, sem deixar de olhar para o amanhã. Se você preza pela valorização humana, integridade, foco no cliente, superação de resultados, sustentabilidade, inovação em soluções em tudo o que faz, vem fazer parte do nosso time de gigantes. Como é o ambiente de trabalho? Oferecemos um ambi…",,Sênior,Ciencia de Dados,Não identificado,45,https://www.adzuna.com.br/details/5788297778?utm_medium=api&utm_source=17cb7e5a,2026-07-16,API Adzuna
143,Adzuna,Cientista de Dados Sênior (Rh),Faça parte do time Mercantil,"Estamos em busca de pessoas talentosas, e apaixonadas pelo que fazem para integrar o nosso time. Ser desafiado diariamente é algo que te motiva? Se a resposta for sim, vem ser Mercantil! O que não faltam aqui são oportunidades de vivenciar novos desafios e de ser protagonista de sua carreira, tudo isso em uma das Melhores Empresas para se trabalhar em Minas Gerais. Ao fazer parte da nossa empresa, você terá a oportunidade de crescer em um ambiente dinâmico, onde o seu talento é reconhecido e in…",,Sênior,Ciencia de Dados,Não identificado,45,https://www.adzuna.com.br/details/5803704992?utm_medium=api&utm_source=17cb7e5a,2026-07-16,API Adzuna
144,Adzuna,PROFESSOR(A) DE DATA SCIENCE,IDP,"Planejar e ministrar aulas na disciplina Data Science para Marketing III, seguindo metodologia interativa e prática; Preparar e atualizar continuamente material didático, estudos de caso e projetos aplicados; Facilitar compreensão de conceitos complexos de análise multivariada, segmentação, regressão e classificação; Orientar e acompanhar projetos práticos dos alunos com dados reais ou simulados; Avaliar aprendizado através de provas, trabalhos, discussões e apresentações; Manter-se atualizado …",,Não identificado,Ciencia de Dados,Não identificado,75,https://www.adzuna.com.br/details/5762287183?utm_medium=api&utm_source=17cb7e5a,2026-07-16,API Adzuna
145,Adzuna,Data Science Specialist,Winnin,"Data Science Specialist Estamos buscando um(a) Data Science Specialist para arquitetar, construir e colocar em produção soluções robustas de IA na Winnin. Aqui você não vai apenas escrever prompts — você vai desenhar sistemas completos onde LLMs interagem com nossa infraestrutura central, bancos de dados e APIs internas, com foco em escalabilidade e confiabilidade. O que você vai fazer: Construir e manter workflows agênticos complexos com Python e LangChain, garantindo determinismo, resiliência…",,Não identificado,Ciencia de Dados,Não identificado,75,https://www.adzuna.com.br/details/5743942855?utm_medium=api&utm_source=17cb7e5a,2026-07-16,API Adzuna
146,Adzuna,Data Science Manager,Insider Store,"Sobre a INSIDER A INSIDER nasceu em 2017 com o propósito de transformar a indústria da moda por meio de tecnologia, inovação e sustentabilidade. Hoje, somos uma das principais marcas nativas digitais do Brasil, com mais de 1 milhão de clientes , desenvolvendo produtos que unem performance, design e tecnologia para simplificar o dia a dia das pessoas. Mais do que criar produtos inovadores, construímos uma empresa orientada por dados, que valoriza autonomia, excelência na execução e aprendizado c…",,Não identificado,Ciencia de Dados,Não identificado,75,https://www.adzuna.com.br/details/5796221687?utm_medium=api&utm_source=17cb7e5a,2026-07-16,API Adzuna
147,Adzuna,Coordenador de Data Science,Omni,"Description A Omni Somos uma empresa em constante transformação! A Omni, presente há 31 anos no mercado, é uma instituição sólida e reconhecida por possui um dos melhores serviços de crédito do Brasil. Temos orgulho da nossa importância para pessoas com menor acesso a crédito. Por isso, empenhamos toda dedicação e responsabilidade para seguirmos adiante sempre, melhorando a Vida das Pessoas. Nos dedicamos ao desenvolvimento contínuo dos nossos colaboradores. Cultivamos relacionamentos com proxi…",,Não identificado,Ciencia de Dados,Não identificado,75,https://www.adzuna.com.br/details/5711193529?utm_medium=api&utm_source=17cb7e5a,2026-07-16,API Adzuna
148,Adzuna,Data Science Engineer,MercadoLibre,"Como Data Science Engineer no Mercado Livre, você projetará e escalará sistemas inovadores e seguros que resolvem problemas reais e de alto impacto. Trabalhará em um ambiente dinâmico com tecnologia de ponta, aplicando boas práticas de engenharia, modelos próprios de IA e aprendizado contínuo, com o propósito de democratizar o comércio eletrônico e os serviços financeiros na América Latina. Imagine-se empreendendo projetos desafiadores, dinâmicos e inovadores e sendo responsável por : Estabelec…",,Não identificado,Ciencia de Dados,Não identificado,75,https://www.adzuna.com.br/details/5786146201?utm_medium=api&utm_source=17cb7e5a,2026-07-16,API Adzuna
149,Adzuna,Senior Data Science,,"Senior Data Science - Become part of a multicultural company in constant growth with an excellent work environment certified by Great Place To Work!Project - the aim you''ll haveWe are looking for a Senior Data Science to join one of our USA Clients, a start-up working on an exciting climate change project. You will be part of a dynamic team building an AI-powered analytics and data platform to help reduce the carbon footprint of industrial manufacturing. Your work will focus on our back-end da…",,Sênior,Ciencia de Dados,Não identificado,40,https://www.adzuna.com.br/details/5799222789?utm_medium=api&utm_source=17cb7e5a,2026-07-16,API Adzuna
150,Adzuna,Data Science Lead,BTG Pactual,"Sobre a área: Você fará parte do time de Artificial Intelligence & Data Science do BTG Pactual, atuando em uma frente estratégica de ciência de dados com alta proximidade com o negócio. Essa posição terá papel central na liderança técnica e no desenvolvimento de um time focado na construção de soluções analíticas e modelos preditivos aplicados a diferentes frentes e canais do banco, com forte interação com áreas como CRM, marketing, canais, produtos e tecnologia. Buscamos uma pessoa com boa bas…",,Não identificado,Ciencia de Dados,Não identificado,75,https://www.adzuna.com.br/details/5786034091?utm_medium=api&utm_source=17cb7e5a,2026-07-16,API Adzuna
151,Adzuna,Especialista em data science,Safra,"Description Área de Data Science responsável por modelagem estatística e soluções de GenAI aplicadas ao negócio, atuando sobre ambiente Cloudera com integração a sistemas de CRM e canais comerciais. O time hoje é composto por cientistas de perfil estatístico e busca complementar a capacidade de engenharia de dados para sustentar pipelines produtivos e escaláveis. Responsibilities Especialista em Ciência de Dados com foco em engenharia de dados. Responsável por desenhar, construir e otimizar pip…",,Não identificado,Ciencia de Dados,Não identificado,75,https://www.adzuna.com.br/details/5793321659?utm_medium=api&utm_source=17cb7e5a,2026-07-16,API Adzuna
152,Adzuna,Data Science Intern,,"Data Science Intern - Damos a você a liberdade e flexibilidade para fazer o seu melhor naquilo que você gosta e causar impacto. Trabalhe ao lado das pessoas mais inovadoras de hoje e ajude a moldar o futuro com a Atmus. Estamos procurando por um talentoso Estagiario de Analisis de Dados para se juntar à nossa equipe, especializado(a) em Engenharia, Ciência de Dados, Administração, Economia, Matemática para a Atmus. Neste cargo, você fará a diferença da seguinte forma: O estagiário em Análise de…",,Estágio/Trainee,Ciencia de Dados,Não identificado,35,https://www.adzuna.com.br/details/5798327342?utm_medium=api&utm_source=17cb7e5a,2026-07-16,API Adzuna
153,Adzuna,Gerente de Data Science,TransUnion,"TransUnion's Job Applicant Privacy Notice What We'll Bring: Na TransUnion, temos um ambiente acolhedor e enérgico que incentiva a colaboração e a inovação - estamos constantemente explorando novas tecnologias e ferramentas para sermos ágeis. Este ambiente dá ao nosso pessoal a oportunidade de aprimorar as habilidades atuais e construir novas capacidades, descobrindo seus talentos. Somos uma empresa de oportunidades iguais e todas as pessoas qualificadas para nossas vagas serão consideradas em n…",,Não identificado,Ciencia de Dados,Não identificado,75,https://www.adzuna.com.br/details/5768651028?utm_medium=api&utm_source=17cb7e5a,2026-07-16,API Adzuna
154,Adzuna,Especialista em Data Science,frete.com,"VemSerFrete.com Mova o futuro da logística com a gente! Estamos construindo a plataforma digital que potencializa o transporte na América Latina. Na Frete, seu trabalho tem um impacto real e diário na vida de milhões de pessoas. A Frete.com é a maior plataforma de fretes da América Latina e conta com as marcas Fretebras, Cargo X e Intersite. Vem ser Frete.com e conhecer mais sobre o desafio no time de Data Science: Responsabilidades e Atribuições - SQL avançado: boas práticas com queries e mode…",,Não identificado,Ciencia de Dados,Não identificado,75,https://www.adzuna.com.br/details/5751127388?utm_medium=api&utm_source=17cb7e5a,2026-07-16,API Adzuna
155,Adzuna,Data Science (49611),EVT,"Atuação remota - Período Indeterminado - Modelo de contratação: CLT Responsabilidades Gerais: - Conceituar a solução analítica para o problema de negócios implementando abordagens de solução de problemas; - Construir, conectar e conduzir discussões com as partes interessadas dos times de negócio; - Criar insights aproveitando todos os dados e análises disponíveis; - Storyboard e apresentação dos insights para a liderança sênior; - Fornecer relatórios de resultados de ponta a ponta com Excel, Po…",,Sênior,Ciencia de Dados,Não identificado,40,https://www.adzuna.com.br/details/5801666415?utm_medium=api&utm_source=17cb7e5a,2026-07-16,API Adzuna
156,Adzuna,Data Science Teaching Experts,TripleTen,"TripleTen is a service that empowers people, regardless of their prior experience, to embark on the exciting and challenging journey of mastering tech professions. Our bootcamps focus on training students in Data Analytics, Data Science, Web Development, Quality Assurance (QA) Engineering, and UX/UI Design — in an accessible and practical way, supporting them until they successfully thrive in a new career.  Our mission is to ensure that every student has the opportunity to successfully master a…",,Não identificado,Ciencia de Dados,Não identificado,75,https://www.adzuna.com.br/details/5727398968?utm_medium=api&utm_source=17cb7e5a,2026-07-16,API Adzuna
157,Adzuna,Junior Data Science Specialist,Lenovo,"Description and Requirements We are looking for a Data & AI Analyst (Junior / Mid-level) to support and drive Data Science and AI initiatives within the Services organization, acting as a key enabler between business needs and advanced analytics solutions. This professional will play a critical role in identifying opportunities, structuring use cases, developing analytical models and promoting a data-driven culture across Services. The role involves close collaboration with business stakeholder…",,Júnior,Ciencia de Dados,Não identificado,75,https://www.adzuna.com.br/details/5801029180?utm_medium=api&utm_source=17cb7e5a,2026-07-16,API Adzuna
158,Adzuna,Analista de Dados - Data Science,Skillcerto,"Empresa especializada em desenvolver tecnologia para a área de saúde, oferecendo soluções que automatizam a classificação de risco e otimizam a gestão do fluxo de pacientes em pronto atendimentos. Responsabilidades e atribuições Etapas do processo seletivo 1 - Inscrição na vaga 2 - Entrevista com o pessoal do Recrutamento e Seleção da Skillcerto 3 - Entrevista com o gestor da empresa contratante 4 - Contratação Atribuições - O que irá fazer no dia a dia? - Interagir diretamente com o cliente - …",,Não identificado,Ciencia de Dados,Não identificado,75,https://www.adzuna.com.br/details/5803791171?utm_medium=api&utm_source=17cb7e5a,2026-07-16,API Adzuna
159,Adzuna,Desenvolvedor Python e Inteligência Artificial Junior,Gvr,"Experiência na função Necessário ter trabalhado com o desenvolvimento de scripts e aplicações utilizando Python, criação de automações para processos internos, integrar sistemas e APIs, utilizar ferramentas de IA para apoiar projetos, tratamento e análise de dados, documentar códigos e processos, etc Conhecimento em Python, Inteligência Artificial e IA Generativa, APIs e Integração de Sistemas, SQL, Open/IA, Gemini ou ferramentas similares, Git/Git Hub Superior em TI Segunda à sexta-feira, das …",,Júnior,Ciencia de Dados,Não identificado,75,https://www.adzuna.com.br/details/5778272518?utm_medium=api&utm_source=17cb7e5a,2026-07-16,API Adzuna
160,Adzuna,Desenvolvedor Python e Inteligência Artificial Junior - SP,G.V.R. Empregos,"Experiência na função Necessário ter trabalhado com o desenvolvimento de scripts e aplicações utilizando Python, criação de automações para processos internos, integrar sistemas e APIs, utilizar ferramentas de IA para apoiar projetos, tratamento e análise de dados, documentar códigos e processos, etc Conhecimento em Python, Inteligência Artificial e IA Generativa, APIs e Integração de Sistemas, SQL, Open/IA, Gemini ou ferramentas similares, Git/Git Hub Superior em TI Segunda à sexta-feira, das …",,Júnior,Ciencia de Dados,Não identificado,75,https://www.adzuna.com.br/details/5801210389?utm_medium=api&utm_source=17cb7e5a,2026-07-16,API Adzuna
161,Adzuna,ANALISTA DE INTELIGENCIA ARTIFICIAL (IA) - JUNIOR,Grupo Ri Happy,"Vem construir momentos mágicos com a gente! ?? Somos o Grupo Ri Happy, o maior grupo varejista de brinquedos do Brasil, e acreditamos no poder do brincar para transformar momentos e criar conexões que fazem a diferença na vida das pessoas. Nossa maior força está em quem faz tudo acontecer. Por isso, cultivamos um ambiente colaborativo, leve e inspirador, guiado pelos nossos valores SUPER: Satisfação em Servir, Unidos pela Diversão, Paixão pelo Negócio, Essência da Simplicidade e Respeito pelo A…",,Júnior,Ciencia de Dados,Não identificado,75,https://www.adzuna.com.br/details/5782392428?utm_medium=api&utm_source=17cb7e5a,2026-07-16,API Adzuna
162,Adzuna,Analista De Inteligencia Artificial (Ia) - Junior,Grupo Ri Happy,"Vem construir momentos mágicos com a gente!  Somos o Grupo Ri Happy, o maior grupo varejista de brinquedos do Brasil, e acreditamos no poder do brincar para transformar momentos e criar conexões que fazem a diferença na vida das pessoas. Nossa maior força está em quem faz tudo acontecer. Por isso, cultivamos um ambiente colaborativo, leve e inspirador, guiado pelos nossos valores SUPER: Satisfação em Servir, Unidos pela Diversão, Paixão pelo Negócio, Essência da Simplicidade e Respeito pelo Ama…",,Júnior,Ciencia de Dados,Não identificado,75,https://www.adzuna.com.br/details/5784372023?utm_medium=api&utm_source=17cb7e5a,2026-07-16,API Adzuna
